station_id,station_lat,station_lon,station_elev,distance_to_event,pga,rms_acc,arias_intensity,sig_duration,predominant_freq,mean_freq,spectral_centroid,low_freq_energy,mid_freq_energy,high_freq_energy,component
YP.NEP4..BHZ,45.262798,123.583298,137.0,16.463044075967456,0.0031797690283022727,0.0006953265678456651,5.1094293551789995e-05,328.35,0.0390625,0.27524988161655317,0.27524988161655317,2.340515993317361e-05,8.044897928079816e-07,2.7050442981937453e-07,Z
YP.NE94..BHN,46.896,123.343498,145.0,17.267317276351015,0.001844852078277123,0.00038338864228940067,1.5533641540459477e-05,343.20000000000005,0.029296875,0.528483179023871,0.528483179023871,9.716647315130154e-06,1.988233053765651e-06,1.299617556644318e-08,N
YP.NE7C..BHN,45.528599,127.818604,303.0,13.89090785651771,1.039260983860311e-06,2.1291770937295938e-07,4.791095480530942e-12,578.0500000000001,13.974609375,11.250518178031909,11.250518178031909,5.229857061399789e-15,2.7604855343747454e-13,4.504965397896225e-12,N
JP.JOW..BHE,26.836,128.272507,220.0,16.405418875005335,0.0004996407177829013,0.00012317390064632032,1.603485712094643e-06,176.75,0.029296875,0.13888851549778655,0.13888851549778655,9.781379054017214e-07,2.4092344109215236e-08,9.89813325315074e-10,E
YP.NE77..BHZ,45.4249,121.4953,340.0,17.898104310550764,0.002061241146709358,0.00043536790477045494,2.0031201314003216e-05,351.725,0.029296875,0.26631355965347914,0.26631355965347914,7.587105186457957e-06,4.141098383091047e-07,4.102758989690779e-08,Z
YP.NEAB..BHN,47.602501,131.668396,64.0,13.079191938457978,0.004399308395826074,0.0009897726153384038,0.00010353379253377535,367.82500000000005,0.078125,0.1593020805439006,0.1593020805439006,0.00010398157694803456,2.377102707326967e-06,3.208639318913666e-08,N
YP.NE83..BHZ,46.2132,118.801102,917.0,19.927035027214636,0.0010929590726684773,0.0002140374465779333,4.841411687391744e-06,353.40000000000003,0.01953125,0.8226140409370232,0.8226140409370232,2.834795640644284e-06,3.6943672828837427e-07,1.42592214995881e-07,Z
YP.NE96..BHE,46.879002,125.0522,149.0,16.221280700797507,0.003919711573517584,0.0006568697574037486,4.5598784933730934e-05,337.925,0.048828125,0.17934208108772298,0.17934208108772298,2.3496246926825883e-05,8.59531509584156e-07,1.5858060592347472e-09,E
YP.NE33..BHZ,42.926399,117.885803,1043.0,19.868311663970662,0.004138361749139681,0.0003723345499603484,1.4650800703603768e-05,353.675,0.01953125,3.403039248231557,3.403039248231557,5.173900987406054e-06,1.1815978038359593e-06,1.4970343338283025e-06,Z
YP.NE89..BHN,46.1539,124.207298,135.0,16.41211958903083,0.003947440583813053,0.0007513191528223234,5.965456657568823e-05,189.72500000000002,0.05859375,0.13272571540274866,0.13272571540274866,2.6158299038621213e-05,3.4686238759811167e-07,6.361158533191827e-09,N
YP.NE5C..BHZ,43.7882,128.336899,399.0,12.768159776668105,0.004052924999922483,0.0010329384236150594,0.00011275704104463493,172.32500000000002,0.078125,0.11464364185923175,0.11464364185923175,0.00012826069977799615,3.379544558786446e-07,3.8883342043191384e-07,Z
YP.NE3B..BHZ,42.7654,127.816101,452.0,12.74061122781091,0.002428911380502292,0.0005499245482064761,3.195957531683566e-05,312.0,0.048828125,0.06567521726776938,0.06567521726776938,3.774639512056484e-05,8.404805892252196e-08,4.528251094619634e-09,Z
YP.NE7G..BHN,45.9207,132.497299,132.0,11.490904974766817,0.0023382907264241897,0.0007130486424416084,5.373201242466355e-05,228.425,0.078125,0.0785954507495153,0.0785954507495153,5.4989955340550265e-05,7.585074874042191e-08,6.605415987143601e-09,N
YP.NE9D..BHN,46.778099,131.9207,70.0,12.371961861967401,0.0038778774344208587,0.0008234360363993128,7.16563126242389e-05,283.2,0.078125,0.13819291874558193,0.13819291874558193,7.173432142182595e-05,6.284302381903711e-07,6.16748484074343e-08,N
YP.NEAC..BHN,47.6744,132.599396,46.0,12.710554517528886,0.004896475161344696,0.0009714178722396554,9.972565853119782e-05,268.77500000000003,0.078125,0.1171354750930215,0.1171354750930215,0.0001102477546454874,9.541802838720836e-07,3.5508877652181207e-09,N
YP.NEA5..BHZ,47.648602,124.036697,157.0,17.196778643215318,0.0017908618111274264,0.00034747344700771876,1.2759612838145981e-05,371.65000000000003,0.0390625,0.9758598726692269,0.9758598726692269,5.310238899031169e-06,4.6420550066872905e-07,3.043131880515019e-07,Z
YP.NEA9..BHN,47.6717,127.988297,282.0,14.97888501476958,0.0028456265101665674,0.00045507775580307943,2.1885968386324866e-05,226.675,0.01953125,0.09741468887723134,0.09741468887723134,7.266463161821119e-06,1.4796666833500238e-07,3.2899694639797967e-09,N
YP.NE94..BHZ,46.896,123.343498,145.0,17.267317276351015,0.0023102589230572794,0.0004506786777774683,2.146488239154892e-05,358.57500000000005,0.0390625,0.7676873117560085,0.7676873117560085,6.652284067477457e-06,2.967455455381955e-06,1.1178817377004465e-07,Z
YP.NE8D..BHE,46.119099,127.879501,133.0,14.157993846723402,0.005253610383062984,0.0003417911335635702,1.2345709455090154e-05,262.75,0.048828125,0.8548367828132201,0.8548367828132201,1.0409730276319617e-05,5.111814180084079e-07,7.669217359374658e-07,E
YP.NE3A..BHZ,43.074501,126.654198,401.0,13.64570123755901,0.004169546816797167,0.0008746366803572239,8.084444374531091e-05,174.125,0.05859375,0.06804408767701664,0.06804408767701664,8.794340773352558e-05,1.7737135843580577e-07,2.1240740307957047e-08,Z
YP.NE7B..BHZ,45.493198,126.877502,181.0,14.45171795286723,0.0038991413237432723,0.0007313392998931903,5.652395529830966e-05,218.75,0.068359375,0.29452617059418656,0.29452617059418656,4.644136701654127e-05,7.15468062811658e-07,7.566176011598026e-07,Z
YP.NE56..BHE,44.109501,122.349998,166.0,16.929190771369743,0.0033543010813074977,0.0006090535925415716,3.9203268164953436e-05,374.05,0.0390625,0.42986834260654966,0.42986834260654966,2.4734312655047127e-05,2.113605491873498e-06,2.0191554656234825e-08,E
CB.CN2.00.BHN,43.48,125.260002,223.0,14.736526980999725,0.006377635785257941,0.0014783466028778674,0.00023096912053323045,192.4,0.0732421875,0.07551898345669471,0.07551898345669471,8.898155892193314e-05,7.355539886579976e-08,7.619095687950324e-09,N
YP.NE76..BHN,45.534599,120.576103,495.0,18.544742029555643,0.0009740889636409959,0.0001902226730327143,3.8239898475361586e-06,322.90000000000003,0.01953125,0.588627109077948,0.588627109077948,1.7281907584339676e-06,3.63141997476651e-07,3.127262850847715e-08,N
YP.NE68..BHZ,44.897301,122.845398,148.0,16.826971962650667,0.0034712063738991457,0.0006712127672769,4.761186432198972e-05,340.175,0.0390625,0.23218065007581537,0.23218065007581537,1.7275613565009733e-05,1.6613909433893554e-06,3.0835495863255633e-08,Z
IC.MDJ.00.BHE,44.617,129.5908,220.0,12.350913653175892,0.0033472541121737946,0.0007764859654534195,6.371798312762541e-05,310.25,0.0634765625,0.07229110363534158,0.07229110363534158,0.00013717174954243496,2.0783259069252493e-07,2.3393284530493355e-09,E
YP.NE58..BHN,44.355202,125.339798,203.0,14.973425671843335,0.003271749804232628,0.0007185747377296367,5.457013404645315e-05,198.95000000000002,0.068359375,0.09973988393167038,0.09973988393167038,3.400041873200562e-05,3.0882107621771655e-07,2.8960008779717206e-08,N
YP.NE87..BHZ,46.349701,122.507797,248.0,17.565784834078983,0.41914028621709937,0.00495880325524063,0.0025985415798991866,1.25,0.0390625,2.571940092354617,2.571940092354617,8.682263895325357e-06,4.4203584389318276e-07,1.2536528251219885e-06,Z
YP.NE9D..BHZ,46.778099,131.9207,70.0,12.371961861967401,0.00449998897514729,0.0009306959164851146,9.153986486691027e-05,238.25,0.078125,0.10848069169051443,0.10848069169051443,9.37069971401101e-05,6.107650966534506e-07,7.348704988802196e-08,Z
YP.NE92..BHZ,46.785599,121.514397,586.0,18.363987426837216,0.0018749049392303863,0.00037556014550457745,1.490623747310775e-05,354.8,0.029296875,0.2812695399293,0.2812695399293,4.316850384674269e-06,3.0034516721473445e-07,5.048395801272206e-09,Z
YP.NE34..BHN,42.902401,118.771896,831.0,19.221953744969213,0.002337586776829704,0.000333163866482236,1.1730329101991333e-05,332.975,1.865234375,2.186416509491619,2.186416509491619,1.080275493225769e-06,9.915860940750755e-06,3.6343861627175653e-07,N
YP.NE8B..BHZ,46.207199,126.056297,174.0,15.293102217812276,0.0034260032802559187,0.0007075821726958313,5.291131357016022e-05,207.3,0.048828125,0.19640387057382272,0.19640387057382272,3.2164495472776345e-05,2.5817837429446945e-07,3.3337616158699127e-07,Z
IU.PET.00.BHN,53.0233,158.6499,105.0,18.91173723506476,0.0013777473334583767,0.0002530752089189815,6.768524170127092e-06,288.5,0.029296875,0.2223630214867609,0.2223630214867609,4.690501733886282e-06,1.2748742787981333e-07,1.701412137811062e-09,N
YP.NE6C..BHN,44.9049,127.598297,209.0,13.729659556129057,0.003278874618392609,0.0007660601133564124,6.202074027283503e-05,318.175,0.068359375,0.47466243804125935,0.47466243804125935,6.048406924863423e-05,2.2068756068597886e-06,1.8415564457336012e-06,N
YP.NE78..BHN,45.5075,123.222801,141.0,16.787864144833694,0.0018867675038059862,0.00040533406696907187,1.7362849505094183e-05,310.125,0.0390625,0.26053824009253584,0.26053824009253584,1.1476612432738791e-05,6.05862472793449e-07,2.3717058441623284e-08,N
YP.NE36..BHZ,42.525398,120.584,451.0,17.849745168294103,1.007161413966875,0.02822431225344865,0.08418631511512323,78.80000000000001,19.990234375,15.486832793252583,15.486832793252583,0.0001558564570231384,0.00034979397343583513,0.03794190880308676,Z
YP.NE84..BHE,46.247601,119.6819,988.0,19.35742709297426,0.0013392896766703441,0.00024432576678282424,6.308596376536041e-06,362.425,0.01953125,0.45105006981955514,0.45105006981955514,2.7326019502746906e-06,5.388330667958658e-07,2.06482485856488e-09,E
YP.NE34..BHZ,42.902401,118.771896,831.0,19.221953744969213,0.9645601708377533,0.016981353465152522,0.030474626697748353,7.3500000000000005,20.0,13.276956824636924,13.276956824636924,5.080127756972233e-06,5.388362861642698e-06,3.368127569651219e-05,Z
IC.SSE.00.BHZ,31.0948,121.1908,40.0,19.103108442317208,0.0018382514747866676,0.00024301796409781527,6.241239843045356e-06,355.5,0.048828125,0.4916332007673397,0.4916332007673397,7.2267519579620805e-06,1.1251575815509037e-06,1.6441046663404516e-10,Z
YP.NE99..BHE,47.065601,128.0569,211.0,14.58244280750777,0.00437245940478841,0.0008334870913535484,7.341630578176028e-05,178.22500000000002,0.078125,0.09265954440360767,0.09265954440360767,4.289404652296116e-05,1.2087765875089938e-07,3.924940602325613e-09,E
YP.NEAA..BHN,47.600899,129.805496,383.0,13.985303507727426,4.728967665968082e-06,4.055585758769198e-07,1.738208956779223e-11,586.6,13.486328125,11.409606630325897,11.409606630325897,2.577999586247838e-14,9.32970432301161e-13,1.6042015824266898e-11,N
YP.NEA3..BHE,47.562302,121.292,608.0,18.811433418414904,0.001262844791267878,0.0002469077595157705,6.442631827638872e-06,364.57500000000005,0.01953125,0.4252138546956265,0.4252138546956265,3.1380648308773014e-06,5.991876425356662e-07,9.288625440213484e-09,E
II.ERM.00.BHN,42.015,143.1572,40.0,4.495901195204339,0.10707230823372849,0.007411175390990524,0.005804560187060659,233.40017807020422,0.2832029089331627,1.0798488229929644,1.0798488229929644,0.007719185660880826,0.006037165702740726,3.489999181085928e-05,N
YP.NE8C..BHE,46.185501,126.915199,155.0,14.764339140702162,0.0036396990213124515,0.0006591776329484227,4.5919743945377204e-05,354.85,0.048828125,0.14145485369161725,0.14145485369161725,3.638397083618458e-05,8.729679859332631e-07,1.4574399057213626e-08,E
YP.NEA7..BHN,47.570999,125.833801,226.0,16.1154087611997,0.003769769775610622,0.00046395857249243144,2.2748523176649172e-05,202.82500000000002,0.05859375,0.30718703336323794,0.30718703336323794,8.50756480514968e-06,2.0295663391778013e-07,1.3294250005119625e-07,N
YP.NE68..BHN,44.897301,122.845398,148.0,16.826971962650667,0.001658141858334062,0.00034818031123677124,1.281159214449818e-05,365.0,0.0390625,0.30211983544101767,0.30211983544101767,9.340012280928804e-06,5.098467365651959e-07,9.950245113257022e-09,N
YP.NE93..BHN,46.926998,122.430199,283.0,17.845628066288604,0.0018598715730148813,0.0003067639090233685,9.944965702625239e-06,179.775,0.01953125,0.09876041596294578,0.09876041596294578,4.046138469398079e-06,8.707797305831838e-08,9.536851785576155e-10,N
YP.NE86..BHE,46.1698,121.460403,424.0,18.17165869531006,0.0017255760004664601,0.0003546239205383861,1.3290157738094777e-05,340.425,0.029296875,0.15551368394021384,0.15551368394021384,4.697709963774685e-06,1.2060619258706374e-07,4.277757986284163e-09,E
YP.NEA5..BHE,47.648602,124.036697,157.0,17.196778643215318,0.002167153079038077,0.0004150679655508004,1.8206761913702558e-05,367.6,0.25390625,0.3054715630695672,0.3054715630695672,1.1841637178687958e-05,5.193390122877258e-07,1.9243525047966252e-08,E
YP.NE6F..BHE,45.295898,131.201401,214.0,11.780393849405765,0.002867383224587466,0.0006778949791833511,4.8564578272120263e-05,369.35,0.078125,0.10144017013562591,0.10144017013562591,4.767851255725683e-05,2.0380142922838007e-07,6.523588876452833e-08,E
YP.NE5A..BHE,44.073898,126.906898,286.0,13.826354981059056,2.375633330918721e-06,5.477033583794636e-07,3.1703124283064383e-11,577.9250000000001,13.388671875,11.207966931879104,11.207966931879104,3.4619722228553535e-14,2.013850230444204e-12,2.967725893300892e-11,E
YP.NE66..BHE,45.004101,120.704201,503.0,18.303560959282777,0.003128708666710658,0.0003872802714873238,1.5850564728343027e-05,356.82500000000005,0.029296875,1.8496374059251446,1.8496374059251446,3.8723009870475605e-06,1.0414329617943729e-05,2.2829644716036905e-08,E
YP.NE8I..BHE,45.994301,133.655807,83.0,10.975742283125767,0.010776665476940638,0.002002656702026022,0.0004238617941610999,579.5,12.44140625,11.749241759057236,11.749241759057236,1.2569141948798473e-07,1.4301282445856302e-05,0.00040607907069209795,E
YP.NE12..BHE,42.456402,125.217796,448.0,14.485973146509558,0.003035260793539427,0.0007348760462596694,5.707414738965428e-05,277.825,0.048828125,0.05748836132607757,0.05748836132607757,6.023946884254067e-05,3.583734238494656e-08,3.165635827804135e-09,E
YP.NEA5..BHN,47.648602,124.036697,157.0,17.196778643215318,0.0021275851778346506,0.0004192134120390696,1.8572276508488477e-05,323.925,0.01953125,0.2166013461660732,0.2166013461660732,1.3417963593127167e-05,3.331178734999716e-07,1.9341742532362963e-08,N
YP.NE91..BHE,46.926498,120.731903,839.0,18.912733670264057,0.0013976312236918256,0.0002742873259625292,7.95071542871127e-06,357.52500000000003,0.01953125,0.2450960469578786,0.2450960469578786,3.0195678301184447e-06,1.7781168739071312e-07,1.0325801934331354e-09,E
YP.NE7E..BHN,45.106998,129.736496,251.0,12.519170410423966,0.0029498262610947084,0.0006491749255517426,4.4536724022532576e-05,252.35000000000002,0.078125,0.10289522512107697,0.10289522512107697,4.951234959646997e-05,2.555223120509543e-07,1.2063713070220502e-07,N
YP.NEP1..BHE,43.117699,128.940308,355.0,12.098326911686375,0.0032018289675867354,0.0008531822968191204,7.692694173421618e-05,289.425,0.068359375,0.07018874037839108,0.07018874037839108,8.595571649643201e-05,1.0200460756870862e-07,7.611392915169266e-09,E
YP.NE77..BHN,45.4249,121.4953,340.0,17.898104310550764,0.00116226860353357,0.00023183867977828187,5.680238453945069e-06,305.575,0.029296875,0.3211186172324759,0.3211186172324759,2.9339525882576362e-06,2.209745842310301e-07,3.4285411820645205e-08,N
CB.SNY.00.BHE,41.827801,123.578003,54.0,15.548018790513934,0.09820146234277737,0.0023025984588771267,0.0005603221670133884,126.63000000000001,0.0732421875,0.5935955187970071,0.5935955187970071,0.00020890857861201412,1.0796202162151431e-05,7.934519910006213e-06,E
YP.NE8C..BHN,46.185501,126.915199,155.0,14.764339140702162,0.0031042925817409326,0.0006430896508654992,4.370567153125106e-05,295.45,0.05859375,0.125305583777282,0.125305583777282,4.492263573529749e-05,1.022605867706661e-06,1.6117255915460527e-08,N
YP.NE6E..BHN,44.853298,130.543304,340.0,11.902658060973565,0.003212538779862818,0.0006401110761386107,4.3303394201827724e-05,317.0,0.078125,0.07740427020137583,0.07740427020137583,4.2467472538770745e-05,7.0344483278023e-08,4.970313692966642e-09,N
YP.NE76..BHZ,45.534599,120.576103,495.0,18.544742029555643,0.001772353801095752,0.000367870226382977,1.4301570227915744e-05,349.475,0.029296875,0.31491105773427736,0.31491105773427736,4.491132942614565e-06,3.851661518341635e-07,1.1196234858296469e-08,Z
YP.NE11..BHZ,42.859901,124.052597,151.0,15.41476926746939,0.0030830942790990713,0.0007260534394002697,5.571195802586946e-05,306.2,0.048828125,0.08736583470666248,0.08736583470666248,5.3150801300686155e-05,4.89382992996607e-07,3.690527805541956e-08,Z
JP.JNU..BHE,33.125,130.876694,540.0,10.842512922685893,0.00026397170450544546,9.325197980240226e-05,9.190580837974918e-07,223.85000000000002,2.0458984375,2.0524701547998747,2.0524701547998747,1.2064480396489675e-10,1.888149213913507e-06,1.8103029871887648e-09,E
YP.NE8I..BHZ,45.994301,133.655807,83.0,10.975742283125767,0.0026442501586636962,0.0006859583737986485,4.9728662453455395e-05,194.70000000000002,0.078125,0.08064314812062008,0.08064314812062008,5.39127074332665e-05,2.097988634863865e-07,5.612629152215571e-09,Z
YP.NE4B..BHN,43.337502,130.547607,667.0,11.129847161744165,0.0026082273557949827,0.0006259118032898211,4.140197779046598e-05,161.65,0.078125,0.08907775895484532,0.08907775895484532,4.935856117957007e-05,2.2465060074232358e-07,2.7832815072317995e-08,N
YP.NE6D..BHZ,44.814999,128.710907,396.0,12.99191288724023,0.0037900379247202943,0.0009713410180897556,9.970987682752677e-05,171.025,0.048828125,0.06506477324368455,0.06506477324368455,0.0001054547184665638,6.877094885332766e-08,5.438583590871261e-09,Z
YP.NE75..BHZ,44.3083,119.954498,485.0,18.641077084651467,0.00012772681653317096,3.129365124161229e-05,1.0349603955681504e-07,579.275,12.16796875,9.181811061954873,9.181811061954873,1.6100956410005141e-09,1.707822369539687e-08,8.411278980280913e-08,Z
YP.NE47..BHZ,43.458599,124.318398,180.0,15.383530289258232,0.0031299629772145224,0.0007425887345977838,5.827843411299454e-05,256.77500000000003,0.05859375,0.1269524790513303,0.1269524790513303,4.4192014041854674e-05,2.462535063188396e-07,2.297387179232506e-07,Z
YP.NE4B..BHZ,43.337502,130.547607,667.0,11.129847161744165,0.0032178985679345382,0.0008028134979806753,6.811207874271175e-05,176.025,0.078125,0.08762833916450329,0.08762833916450329,7.923459034209104e-05,3.196852066558637e-07,3.241579799175458e-08,Z
YP.NE5A..BHN,44.073898,126.906898,286.0,13.826354981059056,0.00828437129894914,0.0004918250521419354,2.556422014297398e-05,570.975,12.900390625,11.835562210512734,11.835562210512734,8.257996538213639e-09,9.09147372320837e-07,2.4681146916239343e-05,N
YP.NE54..BHZ,44.061798,118.983902,876.0,19.26761538845516,0.0022748171268425453,0.00038020102539136765,1.5276329567900603e-05,372.35,0.01953125,1.087329844057749,1.087329844057749,6.714486051061971e-06,3.938015935617939e-06,1.5881502476353942e-07,Z
YP.NE88..BHN,46.168098,123.2892,138.0,16.997651246579007,0.002124768188098057,0.00043675222068417205,2.0158810183303335e-05,335.6,0.0390625,0.38426559340706506,0.38426559340706506,1.2016150299146326e-05,1.7211151439191175e-06,7.489620035582353e-09,N
YP.NE8H..BHZ,46.514999,132.831406,77.0,11.745554731715705,0.0054505117655958505,0.001328965586230416,0.0001866475410665664,295.975,0.078125,0.12160725755245487,0.12160725755245487,0.00021045068212907823,5.151375506127815e-07,3.095654501315425e-07,Z
YP.NEA2..BHE,47.493698,120.286499,991.0,19.407010631629067,0.0009109415908462186,0.00021533943666174815,4.900696949533704e-06,362.925,0.01953125,0.4456433180603225,0.4456433180603225,2.630960608643023e-06,4.5650473174527973e-07,6.842760665312636e-09,E
YP.NE23..BHE,42.378399,118.150002,864.0,19.61200672977646,0.002681703897524628,0.0003964946863452552,1.661373206214519e-05,353.425,0.01953125,1.177812153796127,1.177812153796127,5.261279780536935e-06,4.204800246257498e-06,8.449002673457204e-08,E
YP.NE78..BHZ,45.5075,123.222801,141.0,16.787864144833694,1.0341894170216344,0.02656694851365942,0.07458952493949177,68.375,19.658203125,16.65370291112757,16.65370291112757,0.00023237902803858494,0.0007674134296111038,0.04627337525454648,Z
YP.NE8H..BHE,46.514999,132.831406,77.0,11.745554731715705,0.005765256033257448,0.001409935403002535,0.0002100841246085739,357.35,0.087890625,0.1531260419805709,0.1531260419805709,0.00022216897071708095,1.8890168601932595e-06,1.0631332784063374e-08,E
YP.NE8F..BHN,46.214699,130.531998,171.0,12.713672503887228,0.0033201820720610694,0.0008377779161443232,7.417415094094926e-05,273.02500000000003,0.078125,0.11114150092969118,0.11114150092969118,7.338808557222465e-05,1.2634983077695565e-06,8.033811341741469e-08,N
YP.NE57..BHZ,44.122898,123.258499,146.0,16.307328693353206,0.0030555046184070987,0.000709721318186973,5.3231718493605506e-05,374.3,0.0390625,1.0090377471235012,1.0090377471235012,2.1405873377349282e-05,1.6203191900753566e-06,1.3882659696123832e-06,Z
YP.NEP1..BHZ,43.117699,128.940308,355.0,12.098326911686375,0.004480762886688385,0.001071329289557617,0.00012129439784330078,177.05,0.078125,0.07687799157350471,0.07687799157350471,0.00013032647238173857,3.308624626048533e-07,4.1948171614426766e-08,Z
YP.NE6C..BHZ,44.9049,127.598297,209.0,13.729659556129057,0.008740038848614344,0.0012598620725097198,0.0001677479640166733,349.52500000000003,0.048828125,1.7809107130794233,1.7809107130794233,0.00014422697612746533,3.123424048639962e-06,2.6723378026016003e-05,Z
YP.NE91..BHZ,46.926498,120.731903,839.0,18.912733670264057,0.0017745813270239367,0.0003167289558881483,1.0601557011828123e-05,350.07500000000005,0.029296875,0.28184443560574995,0.28184443560574995,3.5493111536476704e-06,2.5283057576199247e-07,2.068615357405917e-09,Z
YP.NE23..BHZ,42.378399,118.150002,864.0,19.61200672977646,1.143988028627693,0.021872809821857603,0.05055963727363765,24.425,20.0,8.859669969692018,8.859669969692018,7.1307505641888505e-06,2.336814114123104e-06,7.061625245642341e-06,Z
YP.NEAD..BHZ,47.581402,133.5802,50.0,12.219037978000621,0.003785914094902629,0.0007018450574460145,5.205873880741529e-05,303.075,0.068359375,0.14296039430378424,0.14296039430378424,5.655379403201184e-05,6.932081205763725e-07,2.0069580599585214e-08,Z
YP.NE83..BHE,46.2132,118.801102,917.0,19.927035027214636,0.001072350522855711,0.0001986251144270536,4.1692969050209845e-06,353.27500000000003,0.01953125,0.8149558859461364,0.8149558859461364,2.2408068773808413e-06,6.206644314655508e-07,3.27622044407056e-08,E
YP.NE89..BHE,46.1539,124.207298,135.0,16.41211958903083,0.004596828930711256,0.0009133365280991716,8.815692170289223e-05,275.7,0.048828125,0.1621838753382962,0.1621838753382962,3.531119460891528e-05,4.336050197523392e-07,1.2211274559971391e-08,E
YP.NE36..BHE,42.525398,120.584,451.0,17.849745168294103,0.9706530088522237,0.025018080443218862,0.0661458752450209,31.200000000000003,19.814453125,16.7346160336875,16.7346160336875,9.48471145722068e-05,0.000260419524486009,0.021004563822672944,E
YP.NE56..BHZ,44.109501,122.349998,166.0,16.929190771369743,0.0028367470601000154,0.0005905526876241562,3.6857723482490235e-05,348.82500000000005,0.0390625,0.4142105743112052,0.4142105743112052,1.723391589428892e-05,1.6635800861057824e-06,2.2411053885911823e-07,Z
YP.NE78..BHE,45.5075,123.222801,141.0,16.787864144833694,1.3633432533384182,0.023171427147943468,0.05674143696899621,3.6500000000000004,20.0,7.054674946518069,7.054674946518069,2.0293061109920432e-05,7.942021515988073e-07,1.1140215441816432e-05,E
YP.NE7D..BHN,45.342098,128.742905,209.0,13.237460264405218,0.024619354615482276,0.0006066021076264562,3.888683747868418e-05,218.5,0.078125,2.5427493376034254,2.5427493376034254,2.6749966076821846e-05,3.7582756977721505e-06,8.245994270949001e-06,N
YP.NEAC..BHE,47.6744,132.599396,46.0,12.710554517528886,0.0055629164926568565,0.0010553473468739175,0.00011770248993765485,264.27500000000003,0.068359375,0.11839602589842432,0.11839602589842432,0.00011824044623549608,1.1221986554829167e-06,3.741438766912797e-09,E
IU.YSS.00.BHZ,46.9587,142.7604,148.0,9.44095172392411,0.00962739241626356,0.0011078394042513817,0.00012970251767979097,289.7,0.048828125,0.17633582251808191,0.17633582251808191,0.00030020415154523956,7.75426139843246e-06,1.1664950921377095e-06,Z
JP.JOW..BHN,26.836,128.272507,220.0,16.405418875005335,0.0006141911767665148,0.0001281928308342755,1.7368214769718613e-06,184.4,0.01953125,0.07529474501415706,0.07529474501415706,2.0968422899907198e-06,2.3660842140661714e-08,5.809194346212795e-10,N
YP.NE57..BHN,44.122898,123.258499,146.0,16.307328693353206,0.0031330543213439,0.000550884270801733,3.2071224546205975e-05,334.925,0.05859375,0.38598573212094284,0.38598573212094284,2.0833526713970777e-05,9.314919362039254e-07,7.027189543301032e-08,N
PS.OGS..BHZ,27.057,142.203,20.0,10.486751828582653,0.009902933707231658,0.0010581101239286344,0.0001183195581979891,274.55,4.794921875,3.263069949923797,3.263069949923797,5.19264916453717e-05,0.00018997500111452917,1.716273973193833e-05,Z
IU.MAJO.00.BHZ,36.54567,138.20406,405.0,3.9810149248700233,0.09110581831198235,0.004185257010801163,0.001851139167768864,199.8,0.341796875,2.816437214413004,2.816437214413004,0.0013266082709423178,0.002325603245078646,0.0008705802847627942,Z
YP.NE8G..BHE,46.1078,131.426697,246.0,12.16869853230975,0.002617613969849089,0.0006726079478474106,4.781181610312532e-05,299.075,0.078125,0.0814748158116581,0.0814748158116581,4.1325219655684004e-05,6.595957750074137e-08,1.9480640095825547e-08,E
YP.NE75..BHN,44.3083,119.954498,485.0,18.641077084651467,0.00014784962755220587,3.698075123662354e-05,1.4453156778346988e-07,579.325,12.16796875,9.495260742924033,9.495260742924033,1.569222828692118e-09,2.085466580727847e-08,1.2103870498041635e-07,N
YP.NE55..BHE,44.185902,121.568298,208.0,17.490273017210498,0.0024593354681234944,0.0004985890654737504,2.6271212632202708e-05,373.125,0.0390625,0.4818152791578744,0.4818152791578744,1.3932511706580159e-05,2.222734073572782e-06,3.102569500558386e-08,E
YP.NE96..BHZ,46.879002,125.0522,149.0,16.221280700797507,0.003194524086696467,0.0005936771352133147,3.724730813810057e-05,355.675,0.048828125,0.24608975749871512,0.24608975749871512,1.608373757369396e-05,1.1463291543589544e-06,4.142759240149661e-08,Z
YP.NE86..BHZ,46.1698,121.460403,424.0,18.17165869531006,0.002127257644628221,0.0004427154643886029,2.0713035831137922e-05,330.57500000000005,0.029296875,0.17246789214201638,0.17246789214201638,4.8539486446319044e-06,1.5329282084384617e-07,2.230928209573479e-09,Z
YP.NEA9..BHZ,47.6717,127.988297,282.0,14.97888501476958,0.0033264730732052556,0.0005268705759899776,2.9336028674860885e-05,229.35000000000002,0.01953125,0.0772178741972615,0.0772178741972615,1.1769797988258619e-05,9.124491689889738e-08,7.540756447542414e-09,Z
YP.NE34..BHE,42.902401,118.771896,831.0,19.221953744969213,0.9035399479551738,0.012848687962168993,0.01744651571131943,7.325,20.0,9.465326641493167,9.465326641493167,4.183756378594857e-06,1.656974129704622e-05,1.57345833075953e-05,E
YP.NE36..BHN,42.525398,120.584,451.0,17.849745168294103,0.003143778202441709,0.000359366194001315,1.3648002311229057e-05,357.1,0.0390625,1.207686285184089,1.207686285184089,4.128868153423265e-06,1.0201200273143082e-05,4.2207880516532746e-08,N
CB.DL2.00.BHZ,38.905998,121.627998,65.0,16.841954207403248,0.007965116518647236,0.001647855011722271,0.0002869719023597784,356.75,0.048828125,0.14750264406137772,0.14750264406137772,0.00010977595032193693,3.1204829998171287e-06,4.03237895498425e-08,Z
YP.NE6A..BHN,44.8055,124.540398,175.0,15.666950206389293,0.002576528237270842,0.0005079589630012178,2.726792284538267e-05,248.82500000000002,0.05859375,0.12616044721880854,0.12616044721880854,2.3455005585417655e-05,2.429933255495186e-07,4.3710536812671465e-08,N
YP.NEP4..BHE,45.262798,123.583298,137.0,16.463044075967456,0.003626661568984972,0.0007644924527974204,6.176480349325334e-05,340.6,0.0390625,0.19812458493772844,0.19812458493772844,2.6596714338408986e-05,9.398858695748488e-07,3.7760352020960745e-08,E
YP.NE58..BHZ,44.355202,125.339798,203.0,14.973425671843335,0.0032047433097396297,0.0008649638891839339,7.906916143554347e-05,188.625,0.048828125,0.09427691896939716,0.09427691896939716,5.720950528708747e-05,2.6386904475421033e-07,1.2363712952488702e-07,Z
YP.NEA6..BHN,47.605701,124.994904,161.0,16.615800783246886,0.002032715751354141,0.00019683561833975784,4.094511869410044e-06,587.125,0.0390625,6.037532905308937,6.037532905308937,9.63784709720929e-07,3.1646038576702575e-07,1.417227232903475e-06,N
YP.NE7D..BHZ,45.342098,128.742905,209.0,13.237460264405218,0.021825878670143756,0.0006983380476264124,5.1537838728741e-05,233.175,0.05859375,1.3719854334175234,1.3719854334175234,4.424465634086619e-05,2.4495080066737826e-06,5.895026060536247e-06,Z
YP.NE3A..BHE,43.074501,126.654198,401.0,13.64570123755901,0.003334280552277473,0.0006977742124526841,5.145465012600335e-05,315.95000000000005,0.05859375,0.0636896134895916,0.0636896134895916,5.2236029086722417e-05,5.411205797820871e-08,1.4978949473803045e-08,E
CB.SNY.00.BHN,41.827801,123.578003,54.0,15.548018790513934,0.004383648831473335,0.0009661251715196937,9.864343343149616e-05,157.43,0.0732421875,0.06909674052025915,0.06909674052025915,4.1561275355629856e-05,8.222187470278236e-08,1.2890184206141429e-09,N
CB.DL2.00.BHE,38.905998,121.627998,65.0,16.841954207403248,0.005788178763153348,0.0012839901560907766,0.00017423073339733236,356.61,0.048828125,0.134862661057543,0.134862661057543,6.828467803406711e-05,2.0719229405180227e-06,1.613318524631107e-08,E
YP.NE7E..BHE,45.106998,129.736496,251.0,12.519170410423966,0.0029259824992286477,0.0006495854109134276,4.4593064934740695e-05,349.225,0.05859375,0.11624368986045158,0.11624368986045158,4.592032842930965e-05,3.7148950617232007e-07,1.3022220025543776e-07,E
JP.JOW..BHZ,26.836,128.272507,220.0,16.405418875005335,0.0007440990334795502,0.00014729350612895944,2.2929516885847212e-06,157.3,0.0341796875,0.1605427417294298,0.1605427417294298,7.332380526449866e-07,2.0519651426045475e-08,3.7129731048010293e-10,Z
YP.NE84..BHZ,46.247601,119.6819,988.0,19.35742709297426,0.001350107710284069,0.0002893273098178388,8.846425671697251e-06,350.975,0.029296875,0.34864241127133183,0.34864241127133183,3.4740707211189703e-06,4.0189480880581244e-07,4.003594439182406e-09,Z
IU.PET.00.BHE,53.0233,158.6499,105.0,18.91173723506476,0.001209954753160579,0.0002391610036586216,6.0447108537166655e-06,259.85,0.029296875,0.11854517330892468,0.11854517330892468,8.140293156075919e-06,9.10672288208403e-08,1.5912567428947437e-09,E
YP.NEAA..BHE,47.600899,129.805496,383.0,13.985303507727426,3.890844509499816e-06,3.7047483260276036e-07,1.4504816058176166e-11,589.075,14.6484375,11.104766891244426,11.104766891244426,2.5901628008025024e-14,9.782070305490596e-13,1.3120877184757948e-11,E
YP.NEP3..BHN,44.583199,124.978302,199.0,15.29625759735115,0.0019405214542869886,0.0004990358761182704,2.6319325997263767e-05,212.175,0.05859375,0.10821268947058267,0.10821268947058267,2.0572337429461077e-05,2.3415761291383967e-07,2.88671438875536e-08,N
YP.NE88..BHZ,46.168098,123.2892,138.0,16.997651246579007,0.0,0.0,0.0,0.0,0.0,0.0,0.0,0.0,0.0,0.0,Z
YP.NE7A..BHN,45.4855,125.9701,154.0,15.015527282655786,0.0035221549876879223,0.0008248184938773474,7.189712859346194e-05,175.85000000000002,0.05859375,0.10844984096501291,0.10844984096501291,5.064739445326993e-05,2.6524171335171045e-07,8.12980146582261e-08,N
YP.NE89..BHZ,46.1539,124.207298,135.0,16.41211958903083,0.0036257120724281803,0.0007575962658698607,6.0655502500707976e-05,275.27500000000003,0.048828125,0.15159120218111063,0.15159120218111063,2.1666681570714508e-05,3.7156536062089864e-07,7.212204213757366e-08,Z
YP.NE12..BHN,42.456402,125.217796,448.0,14.485973146509558,0.002105071186181779,0.00038052963443500144,1.530340923121621e-05,187.25,0.078125,0.08072708326624115,0.08072708326624115,1.1056015579687135e-05,1.978081043118436e-08,4.52548841794479e-09,N
YP.NE33..BHN,42.926399,117.885803,1043.0,19.868311663970662,0.0018506929489187183,0.0001808060839095008,3.4547834652072164e-06,314.475,0.1953125,3.198498233627089,3.198498233627089,8.266889897399814e-07,5.524707115116923e-07,3.004045377593738e-07,N
YP.NEAC..BHZ,47.6744,132.599396,46.0,12.710554517528886,0.005403370231598275,0.0010738029319749428,0.00012185516317525786,158.55,0.068359375,0.07994487023013484,0.07994487023013484,0.00013027191999296682,4.862043240706201e-07,1.9138322704734892e-08,Z
YP.NE6D..BHN,44.814999,128.710907,396.0,12.99191288724023,0.0020085379540155796,0.0005299098223494081,2.9675547733593585e-05,249.625,0.068359375,0.07366887185087005,0.07366887185087005,3.0681794604202356e-05,4.080980320677083e-08,1.9436967169091758e-08,N
IU.PET.00.BHZ,53.0233,158.6499,105.0,18.91173723506476,0.0012242004348295538,0.00022849897726847244,5.517763742711107e-06,326.40000000000003,0.1806640625,0.331157200614233,0.331157200614233,3.4745242810496753e-06,9.148882758509033e-08,1.8633593664956964e-09,Z
YP.NE49..BHZ,43.393002,128.753006,561.0,12.332148440310247,0.0020150362401249945,0.0005816539831068626,3.5755319264728105e-05,307.27500000000003,0.078125,0.08647611635168764,0.08647611635168764,4.1992747431602e-05,1.9107010356330497e-07,2.5181096617238153e-08,Z
PS.OGS..BHE,27.057,142.203,20.0,10.486751828582653,0.00988749122701703,0.001044436349869526,0.00011528126600217776,355.65000000000003,0.0439453125,1.6576159863690447,1.6576159863690447,0.0001238760623356422,0.00010764121114528773,1.3842209572640482e-05,E
YP.NE99..BHN,47.065601,128.0569,211.0,14.58244280750777,0.0020547399531232417,0.0005413284169218279,3.0968178507128837e-05,271.77500000000003,0.01953125,0.08478404979310061,0.08478404979310061,2.277156245640496e-05,1.3954417186139323e-07,3.2069433653754727e-09,N
YP.NE9E..BHN,47.0196,133.287399,88.0,11.91015127344603,0.004746375613106779,0.0010308150500368987,0.00011229393650271112,234.425,0.068359375,0.07417394729774181,0.07417394729774181,0.00011946350910979552,2.537115685031453e-07,1.1147909284846118e-09,N
YP.NE57..BHE,44.122898,123.258499,146.0,16.307328693353206,0.0033480769041791497,0.0008082485989711815,6.903744403683478e-05,366.425,0.0390625,0.3310814189619023,0.3310814189619023,4.0315197246595104e-05,1.8409736385756136e-06,5.390509019582241e-08,E
YP.NEP3..BHE,44.583199,124.978302,199.0,15.29625759735115,0.00332017258815935,0.0007442942213659225,5.8546447367467715e-05,306.77500000000003,0.048828125,0.11552248454031062,0.11552248454031062,3.0158159747565577e-05,5.170678206000542e-07,2.9476583908161485e-08,E
YP.NE5C..BHE,43.7882,128.336899,399.0,12.768159776668105,0.0032374047795451395,0.0008825739917051349,8.231842515452681e-05,293.675,0.078125,0.09600938541870595,0.09600938541870595,9.528924302742405e-05,7.543094163950491e-07,7.821224823081427e-08,E
CB.HEH.00.BHZ,50.252998,127.410004,165.0,16.931264331546245,0.00440299552272562,0.0006375315309251532,4.2954109446398276e-05,136.56,0.048828125,0.06092533192772739,0.06092533192772739,1.3315252980505785e-05,3.0769339720128295e-08,2.0866542888196627e-10,Z
YP.NEA3..BHN,47.562302,121.292,608.0,18.811433418414904,0.0009781927521951355,0.00021329434788086221,4.80786684562417e-06,323.425,0.01953125,0.3251263566321123,0.3251263566321123,2.4742775651004738e-06,2.782541036938044e-07,6.179645969224367e-09,N
YP.NE56..BHN,44.109501,122.349998,166.0,16.929190771369743,0.00229859481607114,0.0004907421474279813,2.5451769028823638e-05,343.675,0.0390625,0.4282568135655,0.4282568135655,1.9359087656741077e-05,1.4871631106005512e-06,1.352951213130756e-08,N
YP.NE6E..BHE,44.853298,130.543304,340.0,11.902658060973565,0.004093002956713931,0.0007240775870604993,5.5409142558720855e-05,321.20000000000005,0.05859375,0.07591426631599708,0.07591426631599708,6.385151254557127e-05,9.739312371931691e-08,6.966638118633235e-09,E
YP.NE83..BHN,46.2132,118.801102,917.0,19.927035027214636,0.0008065895239130005,0.00015821231441654057,2.645288120259962e-06,333.6,0.01953125,1.5238599670556014,1.5238599670556014,1.0035496517013232e-06,6.276034311170195e-07,6.305999678217687e-08,N
CB.CN2.00.BHZ,43.48,125.260002,223.0,14.736526980999725,0.007348251762866993,0.0016273078399319048,0.00027985999295522947,191.66,0.048828125,0.0822527092720278,0.0822527092720278,0.00011152251553359595,5.052831074758201e-07,1.5874142125083366e-08,Z
YP.NE91..BHN,46.926498,120.731903,839.0,18.912733670264057,0.0013141170900112984,0.0002062365375261187,4.494952692744278e-06,293.875,0.01953125,0.17383645857123375,0.17383645857123375,1.8142426238141258e-06,8.480539539193349e-08,6.744659327574526e-10,N
YP.NE46..BHE,43.388401,121.495003,234.0,17.35268959648019,0.0024512004588430943,0.0005638205378087055,3.359515027061253e-05,352.875,0.0390625,0.29550001586771624,0.29550001586771624,2.4549865306447902e-05,1.2650246171762601e-06,4.3567432794645264e-08,E
YP.NE9E..BHZ,47.0196,133.287399,88.0,11.91015127344603,0.017159445041332582,0.0013869031386718595,0.00020327644761857768,153.675,0.068359375,0.15416580931573626,0.15416580931573626,0.00022673827236588986,1.0293281759504795e-06,1.5999227630730481e-06,Z
JP.JHJ2..BHZ,33.115299,139.813797,70.0,5.13049921423863,0.05970267649495893,0.002368269393504704,0.000592775041781402,157.25,3.4521484375,4.924342003418169,4.924342003418169,0.00020154208357977204,0.0006942030785831951,0.0008284424259130672,Z
YP.NE88..BHE,46.168098,123.2892,138.0,16.997651246579007,0.0,0.0,0.0,0.0,0.0,0.0,0.0,0.0,0.0,0.0,E
YP.NE93..BHE,46.926998,122.430199,283.0,17.845628066288604,0.0015499064677867427,0.00030202487271829555,9.640032611899967e-06,339.3,0.029296875,0.190198724144055,0.190198724144055,4.148603032514107e-06,2.2353579314140462e-07,1.0201364213088584e-09,E
YP.NE55..BHZ,44.185902,121.568298,208.0,17.490273017210498,0.002354223005507098,0.0005064805393096419,2.7109426490832028e-05,369.925,0.0390625,0.4151233535985579,0.4151233535985579,1.479644686571074e-05,1.390868359609078e-06,7.972121818242538e-08,Z
YP.NE49..BHE,43.393002,128.753006,561.0,12.332148440310247,0.002741478400916858,0.0007910507358437533,6.613325902202738e-05,307.27500000000003,0.078125,0.08648627511558785,0.08648627511558785,7.76698431428479e-05,3.536122098793135e-07,4.662024342703516e-08,E
YP.NE46..BHN,43.388401,121.495003,234.0,17.35268959648019,0.0019098146390348176,0.0003914297779806854,1.6192071009705155e-05,333.85,0.224609375,0.38752386476503903,0.38752386476503903,1.5065668535622805e-05,8.947639814368915e-07,3.491769823360549e-08,N
YP.NE6E..BHZ,44.853298,130.543304,340.0,11.902658060973565,0.004079957692688044,0.0009561711008362128,9.662343706133421e-05,227.15,0.05859375,0.07180792755410127,0.07180792755410127,0.00010570386548317521,1.290940441547769e-07,2.2923884999010623e-09,Z
YP.NEP4..BHN,45.262798,123.583298,137.0,16.463044075967456,0.0022127607226835504,0.00046143514453785125,2.25017412798447e-05,295.5,0.0390625,0.23436327061181356,0.23436327061181356,1.3660754157367287e-05,5.982817675809073e-07,3.3645022689108215e-08,N
YP.NE9B..BHN,46.946201,129.7948,225.0,13.567661804079249,0.0017816620321357947,0.0005288561414758355,2.9557627220502707e-05,260.95,0.01953125,0.08121068344050043,0.08121068344050043,2.342367709523154e-05,2.2559180309703384e-07,7.551433382308632e-09,N
JP.JNU..BHZ,33.125,130.876694,540.0,10.842512922685893,0.00026392129171679934,9.331797533253564e-05,9.203594003079496e-07,224.3,2.0458984375,2.056433322449438,2.056433322449438,1.790569009373847e-10,1.8899285943757905e-06,3.015740568711249e-09,Z
YP.NE8B..BHE,46.207199,126.056297,174.0,15.293102217812276,0.002984158182059842,0.0006821440544605808,4.9175265947146124e-05,346.25,0.048828125,0.1526726907589993,0.1526726907589993,2.8338927449218616e-05,7.578504348207802e-07,2.123217028077844e-08,E
YP.NE7C..BHE,45.528599,127.818604,303.0,13.89090785651771,1.7306982211775913e-06,3.9680183628010956e-07,1.6640202303457076e-11,577.9250000000001,14.892578125,11.340970347818063,11.340970347818063,1.9243206307654143e-14,9.71260287213964e-13,1.557547710269829e-11,E
YP.NEAB..BHZ,47.602501,131.668396,64.0,13.079191938457978,0.005255885457324007,0.0011523297515285973,0.00014033461292687892,185.025,0.068359375,0.11717043627620696,0.11717043627620696,0.0001469199624992962,9.567123448462805e-07,4.951511178455024e-07,Z
IC.MDJ.00.BHZ,44.617,129.5908,220.0,12.350913653175892,0.028195894947368114,0.001173333152686079,0.0001454914537608407,208.9,0.078125,1.1434485697588082,1.1434485697588082,0.0002524372103808736,3.557593510796647e-05,3.483440025780944e-05,Z
YP.NE85..BHN,46.176399,120.635803,664.0,18.710081407035865,0.000980518176412834,0.00020733948753194202,4.543165872165082e-06,334.52500000000003,0.01953125,1.2176822458123833,1.2176822458123833,1.6520132962101027e-06,6.216997679822878e-07,5.7467691145493353e-08,N
YP.NE8D..BHN,46.119099,127.879501,133.0,14.157993846723402,0.003616306188470284,0.0006749843768959864,4.814844171922395e-05,248.82500000000002,0.068359375,0.08895526278011673,0.08895526278011673,4.9154271851493584e-05,3.569290890155936e-07,2.3715470541090436e-08,N
YP.NE48..BHZ,43.593201,127.615402,385.0,13.170301261825806,0.0035923850846198463,0.0009354034480911569,9.247177353560489e-05,174.32500000000002,0.048828125,0.06491939803190432,0.06491939803190432,9.444280990704677e-05,6.096303478085387e-08,1.000486187380782e-08,Z
YP.NE23..BHN,42.378399,118.150002,864.0,19.61200672977646,0.0017648051832184876,0.00024921661744606934,6.563700768361268e-06,342.0,0.9765625,1.7590783578087659,1.7590783578087659,2.2012071180730227e-06,3.160406553016783e-06,1.3202009358043685e-07,N
YP.NE96..BHN,46.879002,125.0522,149.0,16.221280700797507,0.004409241842165046,0.0006512636300416834,4.482377544207215e-05,255.82500000000002,0.029296875,0.14612206087503385,0.14612206087503385,2.1841601062645917e-05,5.263789306426233e-07,1.9196065451507975e-09,N
YP.NE39..BHZ,42.9786,123.286797,137.0,15.98776610756935,0.0030163399036207536,0.0006941771406055379,5.092550153008381e-05,332.175,0.048828125,0.225782884084681,0.225782884084681,3.152631137142316e-05,1.5180017149084202e-06,2.4867770039074895e-07,Z
G.INU.00.BHZ,35.35,137.029,132.0,5.299170998888862,0.12671242256732945,0.003320591567404464,0.0013340550147473119,153.65,0.05859375,1.6404718674952694,1.6404718674952694,0.0015103289321767614,0.001097757325097704,0.00021555982759667296,Z
YP.NE39..BHE,42.9786,123.286797,137.0,15.98776610756935,0.002659219406316857,0.0006166789722764172,4.018954378944872e-05,357.875,0.048828125,0.1958012472483947,0.1958012472483947,2.8445174051064573e-05,9.196421103037695e-07,2.2706504603731773e-08,E
YP.NE8B..BHN,46.207199,126.056297,174.0,15.293102217812276,1.0299730052106608,0.018854130039797964,0.037567111268725153,8.8,19.94140625,17.44966486758191,17.44966486758191,0.00015445500219043114,0.0003908744502546237,0.029791823140709106,N
YP.NE8C..BHZ,46.185501,126.915199,155.0,14.764339140702162,0.002923511427457957,0.0007016129676606473,5.202234273853742e-05,319.175,0.048828125,0.15148747027562193,0.15148747027562193,4.4037917632084466e-05,6.219308959042407e-07,2.3728360061086862e-07,Z
PS.OGS..BHN,27.057,142.203,20.0,10.486751828582653,0.008385144633572001,0.00093366654994087,9.212519172592979e-05,296.6,0.029296875,1.8242497019239763,1.8242497019239763,8.431867781238985e-05,0.00011020961872706756,1.08246535857531e-05,N
JP.ASAJ..BHE,44.118801,142.593002,220.0,6.607434853325617,0.0052389640225036765,0.0004377055030068531,2.0248442675030763e-05,76.45,0.3515625,0.627232536993197,0.627232536993197,5.222312589489388e-05,7.065033145199197e-06,4.886643362953357e-07,E
YP.NE9B..BHZ,46.946201,129.7948,225.0,13.567661804079249,0.0035124818298786203,0.0007913427572841426,6.6179552837061e-05,239.5,0.078125,0.08743600574068028,0.08743600574068028,4.4375475659744415e-05,8.31319891170015e-08,5.568274108087419e-08,Z
YP.NE6F..BHZ,45.295898,131.201401,214.0,11.780393849405765,0.003729422490252108,0.0008722388945634171,8.040176780247266e-05,296.02500000000003,0.078125,0.10397605946903356,0.10397605946903356,7.806271176013126e-05,1.5010695749100031e-07,1.4574036593616316e-07,Z
YP.NEAA..BHZ,47.600899,129.805496,383.0,13.985303507727426,0.00011473181004339476,2.17216819250081e-06,4.986337891881152e-10,518.45,12.65625,9.174493493986105,9.174493493986105,4.722920998553933e-12,4.565102760804185e-11,2.05251227334748e-10,Z
YP.NE59..BHE,44.095901,125.961098,214.0,14.464701825345022,0.002809645784810578,0.0007074595339200244,5.289297518910067e-05,345.725,0.048828125,0.29760547782089347,0.29760547782089347,4.075294043806695e-05,3.070546747196282e-07,9.022711933452562e-07,E
YP.NE64..BHZ,44.783798,118.763199,1039.0,19.576838231558046,0.0016034464607266076,0.00029201924949911155,9.011910720337308e-06,359.52500000000003,0.01953125,1.2346811288907589,1.2346811288907589,3.729864601740829e-06,2.9876285400232504e-06,1.3545136668573748e-07,Z
G.INU.00.BHE,35.35,137.029,132.0,5.299170998888862,0.08472136339602067,0.0029782606960924787,0.001127921381925956,150.9,0.05859375,1.7660347429838077,1.7660347429838077,0.0010916702776284253,0.0009417492321643574,0.0001878584796043688,E
YP.NE95..BHE,46.893101,124.205902,143.0,16.73864029019701,0.0030940766350305926,0.0005770309862813909,3.518782831456201e-05,333.6,0.048828125,0.24508956795024786,0.24508956795024786,1.537316433309118e-05,8.370761130734883e-07,9.288100157435265e-09,E
YP.NEP1..BHN,43.117699,128.940308,355.0,12.098326911686375,0.0019424548999214906,0.0004507991149641771,2.1476370688251317e-05,284.375,0.087890625,0.08724895621910962,0.08724895621910962,2.092013096029185e-05,7.536084802189754e-08,4.408668266533565e-09,N
YP.NE9C..BHZ,47.049599,131.036194,70.0,12.996627660160907,0.004442070786208272,0.0010617268653056286,0.00011912979876050312,204.45000000000002,0.078125,0.10026533503215992,0.10026533503215992,0.00011372023349871067,5.385404215396665e-07,1.520625420608962e-07,Z
YP.NE38..BHZ,42.8204,122.410301,256.0,16.58046393866414,0.00408492942654103,0.000766882673864471,6.215163400695454e-05,344.425,0.0390625,0.6328611261267636,0.6328611261267636,3.302057739667522e-05,3.291472474686292e-06,1.7482219910679472e-06,Z
YP.NE8F..BHZ,46.214699,130.531998,171.0,12.713672503887228,0.004622374527063992,0.0011458359962523623,0.0001387520932827353,237.47500000000002,0.078125,0.7710052303246737,0.7710052303246737,0.00011493480594959758,3.004187766820353e-07,7.381062919762412e-06,Z
JP.ASAJ..BHZ,44.118801,142.593002,220.0,6.607434853325617,0.0025052294472278024,0.00041644482005591545,1.832916301566629e-05,353.20000000000005,0.05859375,0.3930727343790834,0.3930727343790834,4.218154772439678e-05,3.2095125275338024e-06,9.109221618155024e-08,Z
YP.NE7F..BHE,45.462399,130.535095,386.0,12.255466467580684,0.0025188691698022213,0.0005025432915809057,2.668958124712544e-05,370.625,0.068359375,0.18508980936626843,0.18508980936626843,2.5252710809708116e-05,1.705562463027251e-07,2.0880998039634766e-07,E
YP.NE59..BHZ,44.095901,125.961098,214.0,14.464701825345022,0.003697824186259314,0.0009058310690046538,8.671399788050268e-05,434.32500000000005,0.048828125,1.357091483138206,1.357091483138206,6.304350371233606e-05,6.711247856773971e-08,7.583666435136332e-06,Z
YP.NE8A..BHN,46.1856,125.0896,137.0,15.876032785929773,0.003701769492018305,0.0007520074658825733,5.976391774896203e-05,190.22500000000002,0.05859375,0.10509333545389049,0.10509333545389049,3.809933019459486e-05,2.2629077416007623e-07,1.3234553194213323e-09,N
YP.NEAE..BHZ,47.2994,132.525604,70.0,12.462488939444805,0.005893961783044152,0.0012450800572704674,0.0001638284586522097,153.05,0.078125,0.09949461768978161,0.09949461768978161,0.0001759228982683349,1.8198049013735807e-06,2.3765235338419395e-07,Z
YP.NEAE..BHE,47.2994,132.525604,70.0,12.462488939444805,0.005099879686796766,0.0009810765327086576,0.00010171864186669322,358.07500000000005,0.087890625,0.19182529737767817,0.19182529737767817,0.00010000880805042698,3.046279604697425e-06,1.0286471610298733e-08,E
CB.HEH.00.BHN,50.252998,127.410004,165.0,16.931264331546245,0.0030867532022697784,0.0005990150431416435,3.7920743462410955e-05,173.1,0.048828125,0.05531321326539019,0.05531321326539019,1.3978760522066556e-05,2.081167270788167e-08,9.771710802532652e-11,N
YP.NE8A..BHE,46.1856,125.0896,137.0,15.876032785929773,0.004176885744772966,0.000877647625938293,8.140201195128846e-05,272.77500000000003,0.048828125,0.13782762921740768,0.13782762921740768,3.6346028679992254e-05,3.4606673593399156e-07,2.1371153199655318e-09,E
YP.NE6A..BHZ,44.8055,124.540398,175.0,15.666950206389293,0.00344661136903281,0.0008263750308837853,7.21687482152645e-05,187.4,0.048828125,0.11457221253938397,0.11457221253938397,4.361264922508013e-05,2.504032240894557e-07,1.5565812368530442e-07,Z
CB.SNY.00.BHZ,41.827801,123.578003,54.0,15.548018790513934,0.06994898565136694,0.002593807901318378,0.0007110121151607855,123.46000000000001,0.0732421875,0.5379411021153941,0.5379411021153941,0.0002739468304433167,9.890603659656098e-06,8.91860514945693e-06,Z
YP.NE7E..BHZ,45.106998,129.736496,251.0,12.519170410423966,0.0038327170016313784,0.0008458411636946196,7.560881622265385e-05,296.8,0.048828125,0.09297303051172869,0.09297303051172869,7.555274029136145e-05,1.9078400156141598e-07,1.0450250559258483e-07,Z
YP.NEA6..BHZ,47.605701,124.994904,161.0,16.615800783246886,0.00710278582416302,0.00043137624997315564,1.9665531000282416e-05,369.95000000000005,0.048828125,1.8923755585330537,1.8923755585330537,9.662400174536456e-06,6.065218434264415e-07,1.552744792111098e-06,Z
YP.NE92..BHE,46.785599,121.514397,586.0,18.363987426837216,0.0016977818407519613,0.00033767063089872794,1.2050276717482373e-05,363.32500000000005,0.01953125,0.49642063108828627,0.49642063108828627,4.476897570199325e-06,7.845442278628664e-07,1.0209508985710346e-08,E
YP.NE58..BHE,44.355202,125.339798,203.0,14.973425671843335,0.003928363412932009,0.0008238140031945982,7.172480336300061e-05,266.85,0.048828125,0.09986534959461923,0.09986534959461923,3.8892790979247154e-05,4.0770739435984735e-07,3.56416354250244e-08,E
YP.NE76..BHE,45.534599,120.576103,495.0,18.544742029555643,0.001310668269924201,0.000292169704725203,9.021185899688991e-06,361.77500000000003,0.01953125,0.46153182210560806,0.46153182210560806,4.159631377969943e-06,5.685939305010964e-07,4.675431531849415e-08,E
YP.NE47..BHN,43.458599,124.318398,180.0,15.383530289258232,0.003368059578637597,0.0005225505316726038,2.8858097984149288e-05,224.57500000000002,0.05859375,0.12503648930797331,0.12503648930797331,1.967321285521773e-05,2.4843943532043117e-07,2.2071001398343968e-08,N
YP.NE9B..BHE,46.946201,129.7948,225.0,13.567661804079249,0.0025609159067544133,0.0007273206456972601,5.590447970716324e-05,260.475,0.078125,0.0916016342943401,0.0916016342943401,3.883434015642458e-05,3.2020435946813934e-07,9.561639758709325e-09,E
CB.DL2.00.BHN,38.905998,121.627998,65.0,16.841954207403248,0.0030056047334623406,0.0006752416699940257,4.818588662415357e-05,321.8,0.048828125,0.1579044520102304,0.1579044520102304,1.7340972115763677e-05,6.93904778675316e-07,1.7269352193703022e-08,N
II.ERM.00.BHE,42.015,143.1572,40.0,4.495901195204339,0.06895433284681822,0.00546082307969023,0.0031514567312214115,253.65019351973993,0.14160145446658134,1.3437952364514303,1.3437952364514303,0.004070428461501282,0.003325919274388042,6.959883733284308e-05,E
IU.YSS.00.BHE,46.9587,142.7604,148.0,9.44095172392411,0.021250118093083196,0.0010977014694564802,0.00012733954553852928,247.4,0.0537109375,0.49283327124315446,0.49283327124315446,0.000285863132966519,2.7451721435069987e-05,8.766850680279877e-06,E
YP.NE87..BHN,46.349701,122.507797,248.0,17.565784834078983,0.0016547763373743276,0.00031993624097402534,1.0817367901390115e-05,185.425,0.029296875,0.09374129220170302,0.09374129220170302,5.6404082879595345e-06,9.924462465329708e-08,1.799895740797624e-09,N
IC.MDJ.00.BHN,44.617,129.5908,220.0,12.350913653175892,0.026361472853788877,0.0006326766405835767,4.2301756039814636e-05,299.5,0.0244140625,0.8547913341004131,0.8547913341004131,6.930711485600061e-05,1.3273701647187335e-05,4.632032733268364e-06,N
YP.NEAE..BHN,47.2994,132.525604,70.0,12.462488939444805,0.005839239112354894,0.0010412767916739706,0.00011458483198619093,349.675,0.068359375,0.22606817057458314,0.22606817057458314,0.00012267357576916852,3.731228234162542e-06,3.654524054677702e-07,N
YP.NE87..BHE,46.349701,122.507797,248.0,17.565784834078983,0.001982052188717758,0.00037924768742938906,1.5199837750260567e-05,355.32500000000005,0.0390625,0.21829407687791016,0.21829407687791016,5.80782365853178e-06,3.5602479765483595e-07,2.2591900874830976e-09,E
YP.NE8D..BHZ,46.119099,127.879501,133.0,14.157993846723402,0.00252402476398501,0.0004871036987175629,2.507479074746242e-05,258.05,0.048828125,0.16306849971457846,0.16306849971457846,2.3786429934702046e-05,4.099946108882739e-07,1.4764228840162433e-07,Z
YP.NE5E..BHN,44.060501,130.556595,562.0,11.473425360489141,0.002074551618109658,0.0005375171024128537,3.053369611957174e-05,375.125,0.078125,0.09560411234318851,0.09560411234318851,3.325924932330467e-05,1.7834231109078466e-07,1.355484155522714e-08,N
YP.NE75..BHE,44.3083,119.954498,485.0,18.641077084651467,0.00012515818806557748,3.0660627860889935e-05,9.935125163940526e-08,579.275,12.16796875,9.182382431396967,9.182382431396967,1.544518500975124e-09,1.638943143036185e-08,8.07470894008773e-08,E
YP.NE93..BHZ,46.926998,122.430199,283.0,17.845628066288604,0.0021355683561877525,0.00039780958807937415,1.6724195654905368e-05,329.175,0.029296875,0.27511626558201324,0.27511626558201324,4.47465270150621e-06,4.2071465736274e-07,2.088062183485169e-09,Z
YP.NEP5..BHN,45.733601,122.619797,177.0,17.262923039415035,0.0016098138100201962,0.00035753582394953444,1.3509321604307805e-05,342.90000000000003,0.029296875,0.46223960097507877,0.46223960097507877,9.223281931644574e-06,1.5927991945210841e-06,1.0240986232256349e-08,N
YP.NE5E..BHZ,44.060501,130.556595,562.0,11.473425360489141,0.003965517067425684,0.001139480857114155,0.0001372172990821253,286.825,0.078125,0.08217598578889095,0.08217598578889095,0.00014054537877336817,4.811394398965423e-07,2.9150255810042706e-08,Z
JP.JHJ2..BHE,33.115299,139.813797,70.0,5.13049921423863,0.05772271240683616,0.004318808916496585,0.001971313443843205,185.5,2.880859375,4.2153994964154755,4.2153994964154755,0.0003275080521019197,0.0029139229952635168,0.0021007439496816974,E
YP.NE68..BHE,44.897301,122.845398,148.0,16.826971962650667,0.0026985207358735217,0.0006005708616287046,3.8117400489102806e-05,383.27500000000003,0.0390625,0.31129363396687354,0.31129363396687354,2.08404588523415e-05,1.1897391619155148e-06,1.5705761785348552e-08,E
YP.NE7G..BHZ,45.9207,132.497299,132.0,11.490904974766817,0.0032348718601844717,0.0008656400486839554,7.918983956933956e-05,246.15,0.078125,0.07509156938135372,0.07509156938135372,7.859951035624076e-05,7.962448726630726e-08,2.639776814287664e-10,Z
YP.NE35..BHN,42.8913,119.693199,445.0,18.55278500370684,0.001204588362947266,0.0002110948308852488,4.709231047482037e-06,345.0,0.029296875,1.3591301086914513,1.3591301086914513,1.635134792010343e-06,2.4189611484359057e-06,1.9389015343773477e-08,N
YP.NE3A..BHN,43.074501,126.654198,401.0,13.64570123755901,0.0007069716626306776,0.00014445054613071385,2.2051248093972974e-06,306.95,0.01953125,0.04938245969114969,0.04938245969114969,2.2345048037167175e-06,1.0842174027245565e-09,1.7125394060795988e-09,N
YP.NE99..BHZ,47.065601,128.0569,211.0,14.58244280750777,0.004964099790131597,0.0009184783807832689,8.915232659759335e-05,134.75,0.078125,0.09449783434370822,0.09449783434370822,3.867298665270841e-05,1.1473094426892636e-07,4.3686039635013395e-08,Z
YP.NEAD..BHE,47.581402,133.5802,50.0,12.219037978000621,0.008903572965300206,0.0012111772677520466,0.00015503390192685265,569.275,14.521484375,11.775321952854743,11.775321952854743,1.2886944636850605e-06,5.451732496600668e-06,0.00014774786766226953,E
YP.NE43..BHE,43.425098,118.803398,640.0,19.279243042080726,0.0036940668392808126,0.0005692866157340483,3.424968733324951e-05,367.20000000000005,2.275390625,2.0121780350582084,2.0121780350582084,3.967492525076013e-06,2.719382130074437e-05,2.3684780920187058e-07,E
YP.NE12..BHZ,42.456402,125.217796,448.0,14.485973146509558,0.003933584191857972,0.0009439159402931178,9.416246481493238e-05,158.775,0.048828125,0.055882766730827434,0.055882766730827434,9.441390855054526e-05,4.57280541698631e-08,1.0857611921212349e-09,Z
YP.NE46..BHZ,43.388401,121.495003,234.0,17.35268959648019,1.1223002851187325,0.027873247309992976,0.082105059004028,30.525000000000002,19.853515625,16.71707231856032,16.71707231856032,0.0002708023294543978,0.000909528478419321,0.08305051906538068,Z
YP.NE66..BHN,45.004101,120.704201,503.0,18.303560959282777,0.003917516518714042,0.00033166225572254176,1.162483361537246e-05,364.3,0.01953125,2.1520954752443555,2.1520954752443555,1.7623617169599597e-06,8.993740890205975e-06,3.9589849992647666e-08,N
YP.NE48..BHN,43.593201,127.615402,385.0,13.170301261825806,0.00202581174113414,0.0004816942599748177,2.452190404383232e-05,224.95000000000002,0.087890625,0.0754072393438363,0.0754072393438363,2.6673745137082902e-05,2.272439295963337e-08,1.557806804092579e-08,N
YP.NE11..BHE,42.859901,124.052597,151.0,15.41476926746939,0.002935256542716639,0.0006664571598086127,4.694135998744449e-05,347.55,0.05859375,0.08774702155806267,0.08774702155806267,4.578324717691463e-05,5.314220540216579e-07,3.1474587792630935e-09,E
YP.NE64..BHN,44.783798,118.763199,1039.0,19.576838231558046,0.0023595240188611804,0.0003481295377038133,1.2807856310773867e-05,313.25,1.328125,1.5137607442939176,1.5137607442939176,1.656175028689296e-06,1.1442093753046726e-05,1.2889455907439128e-07,N
YP.NE74..BHE,45.513599,118.806297,863.0,19.727753795610106,0.0026221206575368946,0.00035784077839982973,1.3532310645709036e-05,351.20000000000005,0.01953125,0.8404355787216303,0.8404355787216303,8.353378012408841e-06,3.6116125488263883e-06,8.61243812488515e-09,E
YP.NE59..BHN,44.095901,125.961098,214.0,14.464701825345022,0.0028783391542357155,0.000685949382376598,4.9725474407777245e-05,177.425,0.068359375,0.2476976255355723,0.2476976255355723,3.497678487403693e-05,2.9028307777943e-07,5.709275252696743e-07,N
YP.NE7B..BHN,45.493198,126.877502,181.0,14.45171795286723,0.0029902696180239036,0.0007276313950833604,5.5952263192560196e-05,292.35,0.068359375,0.1543264246981957,0.1543264246981957,5.484582369362685e-05,7.009581257676441e-07,1.1947576603086276e-07,N
YP.NE43..BHN,43.425098,118.803398,640.0,19.279243042080726,0.0035345441433675575,0.0004275570071231218,1.931891591050713e-05,325.0,2.451171875,2.291898713187213,2.291898713187213,1.0025587183471835e-06,1.9395066293775248e-05,2.427565561419133e-07,N
YP.NE9D..BHE,46.778099,131.9207,70.0,12.371961861967401,0.004193258260148851,0.0010493053369391298,0.00011635861936901201,323.375,0.078125,0.11165250349848364,0.11165250349848364,0.0001212918566678921,9.267239246403197e-07,1.8520319332713756e-08,E
YP.NE11..BHN,42.859901,124.052597,151.0,15.41476926746939,0.003236306396883063,0.0004250065145886034,1.9089844033873724e-05,252.625,0.048828125,0.193731954569015,0.193731954569015,7.031350238169553e-06,3.3363724443501756e-07,1.930816881532127e-09,N
YP.NE4B..BHE,43.337502,130.547607,667.0,11.129847161744165,0.003137070817824845,0.0008457582121634168,7.559398685699267e-05,308.75,0.078125,0.09042055809056278,0.09042055809056278,8.951045523235644e-05,3.8879935820281075e-07,4.8679217063220655e-08,E
CB.CN2.00.BHE,43.48,125.260002,223.0,14.736526980999725,0.006537214966568145,0.001382069482792371,0.00020186505306407483,310.7,0.048828125,0.07876303490856026,0.07876303490856026,8.267232060403714e-05,3.43342850279507e-07,1.490231562938793e-08,E
JP.JNU..BHN,33.125,130.876694,540.0,10.842512922685893,0.0002639083689130137,9.321874353225405e-05,9.184030691557783e-07,223.8,2.0458984375,2.0523705969548485,2.0523705969548485,1.0613530179423312e-10,1.8870057470826966e-06,1.7444500569223684e-09,N
YP.NE38..BHN,42.8204,122.410301,256.0,16.58046393866414,0.002227164033113727,0.0004085741128073029,1.7641529083858115e-05,381.25,0.029296875,1.0104008187546827,1.0104008187546827,1.096493637163635e-05,3.1877961314821793e-06,4.5869862564830487e-07,N
YP.NE5A..BHZ,44.073898,126.906898,286.0,13.826354981059056,4.231937117046201e-06,9.227093545655672e-07,8.997898763421628e-11,577.95,11.943359375,10.664086400719173,10.664086400719173,1.9088940936150967e-13,8.333400032986153e-12,8.121631600472861e-11,Z
YP.NE92..BHN,46.785599,121.514397,586.0,18.363987426837216,0.0013429651700094989,0.00026674813554892904,7.519926280095001e-06,324.55,0.01953125,0.4914885639428379,0.4914885639428379,2.7075732779403337e-06,4.931940649658652e-07,8.044745937939486e-09,N
YP.NE54..BHE,44.061798,118.983902,876.0,19.26761538845516,0.00291529171156072,0.00040021019294310487,1.6926652666751326e-05,368.475,0.01953125,2.1691538073395633,2.1691538073395633,4.724062219754523e-06,1.0182550453497282e-05,2.462718842771807e-07,E
YP.NEA2..BHZ,47.493698,120.286499,991.0,19.407010631629067,0.0010133809791613938,0.0002215559954783826,5.1876241013655135e-06,363.65000000000003,0.029296875,0.33877108010832435,0.33877108010832435,2.9049537703058195e-06,2.0222347868616695e-07,3.361170344581137e-08,Z
IU.INCN.00.BHZ,37.4776,126.6239,65.0,13.007457932109881,0.023353871502159555,0.0009176373051433916,8.898912251856873e-05,214.9,0.068359375,1.1040468998178545,1.1040468998178545,0.0001375454079616952,3.8883603091949306e-05,1.2216925471448194e-05,Z
YP.NEP3..BHZ,44.583199,124.978302,199.0,15.29625759735115,0.0033296946400445194,0.0008394471009128897,7.447284073263995e-05,168.9,0.048828125,0.21593678152235038,0.21593678152235038,5.210889242710408e-05,2.176031648101503e-07,6.83457006329744e-07,Z
YP.NE54..BHN,44.061798,118.983902,876.0,19.26761538845516,0.0020978042628484743,0.00023340666388374604,5.757332037126941e-06,331.85,0.01953125,2.582200553572227,2.582200553572227,1.1426339081972935e-06,4.2910702815007874e-06,1.569946496851241e-07,N
YP.NE86..BHN,46.1698,121.460403,424.0,18.17165869531006,0.001636662261772942,0.00026178389899172635,7.242368247353569e-06,232.3,0.01953125,0.15603473324778452,0.15603473324778452,2.6976083627547935e-06,9.015171591648358e-08,4.667506175984624e-09,N
YP.NE97..BHZ,46.897598,125.959297,210.0,15.691618743414743,0.0023786024179093673,0.000443970801467901,2.0830687453848417e-05,356.25,0.048828125,0.2717810282547878,0.2717810282547878,1.0434913827978937e-05,5.296680209531588e-07,8.714767174618566e-08,Z
YP.NE6F..BHN,45.295898,131.201401,214.0,11.780393849405765,0.003066323562233817,0.0007475821255559251,5.906260828160738e-05,314.52500000000003,0.078125,0.10061120185467598,0.10061120185467598,5.4810695832418064e-05,1.98518471985155e-07,6.771408771725156e-08,N
II.ERM.00.BHZ,42.015,143.1572,40.0,4.495901195204339,0.0912724721247409,0.005192927224156647,0.002849834298573291,310.950237236204,0.14160145446658134,1.2682767952409069,1.2682767952409069,0.003896166405233104,0.0029851117483888864,6.035368505811634e-05,Z
YP.NE33..BHE,42.926399,117.885803,1043.0,19.868311663970662,0.0021527156599971085,0.0002950996594304082,9.203032232427595e-06,359.32500000000005,0.01953125,1.6228455300925686,1.6228455300925686,3.6578349637747694e-06,1.1275872615370107e-06,3.625921549441923e-07,E
YP.NEAB..BHE,47.602501,131.668396,64.0,13.079191938457978,0.004383197093120631,0.001024229388970342,0.00011086787334580805,260.575,0.068359375,0.12516905111156204,0.12516905111156204,0.00011711948225030952,9.167569623452998e-07,2.8987281716471593e-08,E
YP.NE7A..BHZ,45.4855,125.9701,154.0,15.015527282655786,0.003777790871227836,0.0009372652001227154,9.283667326649882e-05,173.875,0.048828125,0.10705757687746867,0.10705757687746867,6.904833844884895e-05,2.321573981345778e-07,2.332882115144516e-07,Z
YP.NE85..BHZ,46.176399,120.635803,664.0,18.710081407035865,0.0021552379465560136,0.0003962375280178595,1.6592148652430073e-05,343.32500000000005,0.01953125,0.9694629557908471,0.9694629557908471,3.9610695827414715e-06,3.7272409971333627e-07,2.728642399129368e-07,Z
YP.NE35..BHZ,42.8913,119.693199,445.0,18.55278500370684,1.021478198526782,0.026254385165416127,0.07284478960082715,32.925000000000004,19.8828125,17.131510675686837,17.131510675686837,1.7629867986716112e-05,4.599469841132352e-05,0.0036083910817479225,Z
YP.NE84..BHN,46.247601,119.6819,988.0,19.35742709297426,0.0008806098413664233,0.00017593171629482385,3.2710170302159843e-06,317.07500000000005,0.01953125,0.733900598675735,0.733900598675735,1.2971723113225358e-06,4.7267887462895676e-07,1.795262852784535e-09,N
YP.NE95..BHN,46.893101,124.205902,143.0,16.73864029019701,0.0023504046653038064,0.000489428495610034,2.5314715566395625e-05,284.55,0.0390625,0.1906417478044838,0.1906417478044838,1.542426611515911e-05,6.774016151766063e-07,8.80773187714056e-09,N
YP.NE97..BHN,46.897598,125.959297,210.0,15.691618743414743,0.0028299316214243316,0.0004005896152715317,1.6958761984639393e-05,263.175,0.05859375,0.36266602893139177,0.36266602893139177,1.0751434920850027e-05,2.1897908934135655e-07,2.0976296349482706e-07,N
IC.SSE.00.BHN,31.0948,121.1908,40.0,19.103108442317208,0.0019686671415198257,0.00027104547516627425,7.763880751374442e-06,272.3,0.01953125,0.3458439254460684,0.3458439254460684,2.358829640471293e-06,2.4640968597762845e-07,1.2610440926716322e-10,N
YP.NE64..BHE,44.783798,118.763199,1039.0,19.576838231558046,0.003173012147005439,0.00043158585124410316,1.968465356785127e-05,338.1,1.34765625,1.392301317849607,1.392301317849607,3.816624223013664e-06,1.5646859098721763e-05,1.0476727675323663e-07,E
YP.NE66..BHZ,45.004101,120.704201,503.0,18.303560959282777,0.0015436623681656734,0.0003330722855751923,1.1723832288295286e-05,356.3,0.029296875,0.5414846425913552,0.5414846425913552,4.377502648597346e-06,7.570235237519868e-07,7.129458358262803e-08,Z
YP.NE8G..BHZ,46.1078,131.426697,246.0,12.16869853230975,0.004786658929618238,0.0010804593846147261,0.000123375274373925,209.82500000000002,0.078125,0.07965524590550414,0.07965524590550414,0.00010977946014913675,1.1363113310780166e-07,1.7792218673633304e-08,Z
YP.NE95..BHZ,46.893101,124.205902,143.0,16.73864029019701,0.002344411381896257,0.00047743410196095085,2.4089147072630983e-05,343.40000000000003,0.048828125,0.2586847719319292,0.2586847719319292,1.0866782566449712e-05,7.01175951592386e-07,5.073980783356623e-08,Z
G.INU.00.BHN,35.35,137.029,132.0,5.299170998888862,0.14276635622940634,0.004521551294235856,0.00248204455805848,128.9,0.0634765625,2.727260604241563,2.727260604241563,0.0017549727921008793,0.0026349433540127,0.0010279458090227435,N
YP.NE7F..BHN,45.462399,130.535095,386.0,12.255466467580684,0.00371595065978283,0.000800715945230565,6.775662322501899e-05,280.55,0.078125,0.13598849930876084,0.13598849930876084,7.2622403414265e-05,2.1151394951095722e-07,3.620670609776119e-07,N
YP.NE47..BHE,43.458599,124.318398,180.0,15.383530289258232,0.0024515993998436656,0.0006163139802916575,4.0143502976497696e-05,349.02500000000003,0.05859375,0.11336356247774473,0.11336356247774473,2.7728192283064826e-05,3.3870583999876e-07,1.855580228107878e-08,E
YP.NEA3..BHZ,47.562302,121.292,608.0,18.811433418414904,0.001358635626463977,0.00026818496784831064,7.600801376450724e-06,363.57500000000005,0.029296875,0.39708030153753193,0.39708030153753193,3.68992077294912e-06,4.5788983189573983e-07,8.186820385040253e-09,Z
YP.NE8F..BHE,46.214699,130.531998,171.0,12.713672503887228,0.003053951113229206,0.0007462184051773116,5.884730033200269e-05,374.175,0.078125,0.17018339488019116,0.17018339488019116,4.717135286028967e-05,1.3231906144916714e-06,1.628427189389138e-07,E
YP.NE38..BHE,42.8204,122.410301,256.0,16.58046393866414,0.0031769739457048643,0.0007161617213787237,5.420217224586563e-05,357.975,0.0390625,0.561919524177875,0.561919524177875,3.290739997562026e-05,4.337020715354944e-06,5.718715048632484e-07,E
YP.NEP5..BHZ,45.733601,122.619797,177.0,17.262923039415035,0.0031353960897840313,0.000615986409787619,4.00993242414921e-05,335.1,0.0390625,0.21801543480317181,0.21801543480317181,1.602137462754771e-05,1.0816546467978489e-06,3.351844492825984e-08,Z
YP.NEA2..BHN,47.493698,120.286499,991.0,19.407010631629067,0.000883872648384147,0.00018323204349186736,3.54824478247174e-06,310.625,0.01953125,0.419853423130791,0.419853423130791,1.5308106869112758e-06,2.4698397386509806e-07,4.043449219409904e-09,N
YP.NE9C..BHN,47.049599,131.036194,70.0,12.996627660160907,0.0031946400140029302,0.0007481878052253981,5.91583355989031e-05,360.65000000000003,0.078125,0.14602775714266403,0.14602775714266403,6.009521134136871e-05,9.823732791908203e-07,1.0632893184467461e-08,N
YP.NE7G..BHE,45.9207,132.497299,132.0,11.490904974766817,0.0028766463841797233,0.0008552749215657006,7.730476744197198e-05,368.32500000000005,0.078125,0.07966386864457815,0.07966386864457815,7.396589424696311e-05,1.3044142854668225e-07,4.336945784027169e-10,E
YP.NE74..BHN,45.513599,118.806297,863.0,19.727753795610106,0.0018015930388988078,0.0002860291694608579,8.64600252972402e-06,340.35,0.390625,0.9807992998228109,0.9807992998228109,5.1889130991166065e-06,2.919623798723686e-06,8.405884620033514e-09,N
YP.NE49..BHN,43.393002,128.753006,561.0,12.332148440310247,4.581939898630451e-06,1.156276245283668e-06,1.4129749492949038e-10,577.85,0.078125,11.647444239193517,11.647444239193517,2.3975017229414237e-12,5.081310702034655e-12,1.3409398432788853e-10,N
YP.NE97..BHE,46.897598,125.959297,210.0,15.691618743414743,0.0031848154117408087,0.0005924949679322056,3.709915365553474e-05,310.82500000000005,0.048828125,0.16515173205060882,0.16515173205060882,2.1753895297628894e-05,6.965045475481936e-07,2.356481574241317e-08,E
YP.NE39..BHN,42.9786,123.286797,137.0,15.98776610756935,0.002062677984439132,0.0002993111750227265,9.467608208631914e-06,323.85,0.029296875,0.2714101252074063,0.2714101252074063,4.912448338647424e-06,2.2728728478888171e-07,2.0318841105229362e-08,N
YP.NE77..BHE,45.4249,121.4953,340.0,17.898104310550764,0.0014363923116047785,0.0003430831715154247,1.2439203498485882e-05,349.20000000000005,0.029296875,0.28723803269778847,0.28723803269778847,5.897754396897649e-06,4.250726311783617e-07,3.563350030582427e-08,E
YP.NE6C..BHE,44.9049,127.598297,209.0,13.729659556129057,0.0037757561079216906,0.0009268865492221648,9.079551803168813e-05,341.6,0.078125,0.45084380001541646,0.45084380001541646,7.862358111124453e-05,1.7866831324746294e-06,2.531933952313185e-06,E
YP.NE6A..BHE,44.8055,124.540398,175.0,15.666950206389293,0.004390491616786525,0.0009116555404734788,8.78326275151201e-05,280.3,0.048828125,0.11610348896689583,0.11610348896689583,3.9526409454491316e-05,3.5676352784661923e-07,5.293494458333694e-08,E
YP.NEAD..BHN,47.581402,133.5802,50.0,12.219037978000621,0.006539900277886822,0.0008493950312760862,7.624837347899334e-05,304.875,0.068359375,0.6845286623042788,0.6845286623042788,7.770713029619715e-05,1.4283485379044268e-06,3.5755686390576833e-06,N
IC.SSE.00.BHE,31.0948,121.1908,40.0,19.103108442317208,0.001772040221248922,0.0002025649521740588,4.33633967650901e-06,360.65000000000003,0.048828125,0.6291589220223407,0.6291589220223407,5.303385902491618e-06,1.2986745463123668e-06,2.819121418030352e-09,E
YP.NE85..BHE,46.176399,120.635803,664.0,18.710081407035865,0.001652089039991919,0.00031971746041570823,1.080256459339944e-05,357.40000000000003,0.01953125,0.8069841650644601,0.8069841650644601,3.4139732354222835e-06,8.690437791872867e-07,5.6407506555510246e-08,E
YP.NE94..BHE,46.896,123.343498,145.0,17.267317276351015,0.0022327820367812157,0.0004646246756448686,2.2813865511809903e-05,371.32500000000005,0.0390625,0.663257356808898,0.663257356808898,1.224760440370705e-05,2.128622142900246e-06,1.1696424069525896e-08,E
YP.NE35..BHE,42.8913,119.693199,445.0,18.55278500370684,0.9786387279345443,0.01839468877602656,0.03575851278708027,6.775,20.0,16.483369026611566,16.483369026611566,4.987963160417819e-06,4.800218383114214e-06,4.3120908073110305e-05,E
YP.NE55..BHN,44.185902,121.568298,208.0,17.490273017210498,0.0015552146609378174,0.00035164211466943876,1.3067622051913335e-05,344.375,0.029296875,0.5432696508739085,0.5432696508739085,9.195651240323081e-06,1.54104880029797e-06,1.7063967659554208e-08,N
YP.NEA6..BHE,47.605701,124.994904,161.0,16.615800783246886,0.0035552276074446625,0.000542413016147777,3.109244384085521e-05,344.05,0.048828125,0.250998518410705,0.250998518410705,1.4631725710654833e-05,3.1039860961456566e-07,8.446151889193282e-08,E
YP.NEA7..BHE,47.570999,125.833801,226.0,16.1154087611997,1.9835247651770455e-05,3.2130344663388228e-06,1.0910020605769233e-09,391.0,0.05859375,3.1851496634460643,3.1851496634460643,3.584602620942426e-10,1.286738614405214e-11,1.2462906503668022e-10,E
YP.NE48..BHE,43.593201,127.615402,385.0,13.170301261825806,0.0028847639876407264,0.0006923875625929187,5.066519597354529e-05,315.45000000000005,0.078125,0.07088978190357709,0.07088978190357709,5.107039090516579e-05,4.532050823630809e-08,1.542014182115924e-08,E
IU.YSS.00.BHN,46.9587,142.7604,148.0,9.44095172392411,0.013569497192512084,0.0009445268645202737,9.428083811636603e-05,336.55,0.048828125,0.2513207240387328,0.2513207240387328,0.00022019997400381312,1.0889217810150218e-05,1.6075794137141219e-06,N
YP.NEP5..BHE,45.733601,122.619797,177.0,17.262923039415035,0.002644519772413015,0.0005269591469605076,2.934591143260874e-05,354.70000000000005,0.0390625,0.4395155438499337,0.4395155438499337,1.3155232213452682e-05,2.1813039396263806e-06,1.0436347434869382e-08,E
YP.NE7A..BHE,45.4855,125.9701,154.0,15.015527282655786,0.003433792140293183,0.0008675342701103694,7.953679365385332e-05,319.20000000000005,0.048828125,0.11241427471472028,0.11241427471472028,5.475146216168998e-05,4.0840174209627207e-07,1.0185478112356345e-07,E
JP.ASAJ..BHN,44.118801,142.593002,220.0,6.607434853325617,0.005346265581243074,0.000535607916961264,3.0319471094291597e-05,101.45,0.380859375,0.5232314969736291,0.5232314969736291,7.094912292038942e-05,6.220014659555274e-06,5.606714104138441e-07,N
YP.NE8G..BHN,46.1078,131.426697,246.0,12.16869853230975,0.0031600586958957194,0.0009364326522209747,9.267537463357234e-05,286.15000000000003,0.078125,0.07447385376652373,0.07447385376652373,8.601765450238282e-05,9.33607106602722e-08,1.6414356650568646e-08,N
JP.JHJ2..BHN,33.115299,139.813797,70.0,5.13049921423863,0.12789011365449152,0.007316399073614182,0.005657472828205036,157.5,8.6572265625,6.698481929989509,6.698481929989509,0.0007525191216528865,0.0032083245892532935,0.01119410802472601,N
YP.NE8H..BHN,46.514999,132.831406,77.0,11.745554731715705,0.006889765701954437,0.0015768191400916498,0.0002627595871146186,367.82500000000005,0.078125,0.15378254026065688,0.15378254026065688,0.0002749136942192034,2.409454460716788e-06,1.4127890885943578e-08,N
YP.NE8I..BHN,45.994301,133.655807,83.0,10.975742283125767,0.0032395411421129137,0.0008182990685765716,7.076774674614145e-05,198.22500000000002,0.078125,0.11040620995718889,0.11040620995718889,7.584460172467382e-05,5.676632526286191e-07,1.0338229131212394e-07,N
YP.NE7F..BHZ,45.462399,130.535095,386.0,12.255466467580684,0.004004955013097173,0.0008685218664656578,7.971798406509475e-05,237.35000000000002,0.078125,0.08439662289009556,0.08439662289009556,8.706871411717325e-05,2.1133557913659615e-07,4.2956714301254845e-08,Z
YP.NE7B..BHE,45.493198,126.877502,181.0,14.45171795286723,0.010303547460680459,0.0008053132107105512,6.85368946937609e-05,178.8,0.068359375,8.114903587989218,8.114903587989218,1.8600422676061104e-05,1.9528749895543477e-06,3.969833347008534e-05,E
CB.HEH.00.BHE,50.252998,127.410004,165.0,16.931264331546245,0.0025195411950528863,0.00046113229186916317,2.247255518811643e-05,204.43,0.048828125,0.06201766390315473,0.06201766390315473,7.21142012730368e-06,2.0500800687749025e-08,7.776717810725716e-11,E
YP.NEA9..BHE,47.6717,127.988297,282.0,14.97888501476958,0.0033788034683656697,0.0006437462825656688,4.379491818182947e-05,338.65000000000003,0.05859375,0.11202887433002155,0.11202887433002155,1.3368917704609619e-05,2.9046960990714734e-07,2.4925186157013116e-09,E
YP.NE6D..BHE,44.814999,128.710907,396.0,12.99191288724023,0.003161766111435917,0.000690426924746028,5.0376758639694454e-05,305.075,0.048828125,0.0716745373271018,0.0716745373271018,5.2519007301845485e-05,5.263506505546882e-08,2.6766745794029032e-08,E
YP.NE43..BHZ,43.425098,118.803398,640.0,19.279243042080726,1.2351538161000153e-06,6.455179184933573e-08,4.403635889095665e-13,563.25,15.25390625,13.00151617745592,13.00151617745592,6.662288664139311e-17,1.2341764297255148e-14,4.352578023867357e-13,Z
YP.NE9C..BHE,47.049599,131.036194,70.0,12.996627660160907,0.004153054703478549,0.0010321318510246279,0.00011258100680050681,327.6,0.078125,0.1306244793951652,0.1306244793951652,0.00010448803830794925,1.0789109823668762e-06,9.472011439500772e-09,E
YP.NE5E..BHE,44.060501,130.556595,562.0,11.473425360489141,0.003363622474635039,0.0008991513399770578,8.543982997567118e-05,373.5,0.078125,0.09509538566418005,0.09509538566418005,8.602541683571391e-05,5.004874635320153e-07,3.2565955952365535e-08,E
YP.NE9E..BHE,47.0196,133.287399,88.0,11.91015127344603,0.02993710259056426,0.0009607578850930183,9.754896309386408e-05,228.175,0.078125,0.41199622642566835,0.41199622642566835,0.0001064444963177794,1.565047976629159e-06,3.239885025581219e-06,E
YP.NE3B..BHE,42.7654,127.816101,452.0,12.74061122781091,0.003313091298414631,0.000749863883957937,5.942369599957287e-05,312.0,0.048828125,0.06567707268874944,0.06567707268874944,7.018314972974816e-05,1.5635096406898824e-07,8.411028893408895e-09,E
YP.NE7C..BHZ,45.528599,127.818604,303.0,13.89090785651771,1.2349398651116535e-06,2.651927138814504e-07,7.43249166359036e-12,577.0500000000001,13.671875,11.144729414075176,11.144729414075176,1.5286042593393526e-14,4.921894377201378e-13,6.830948817238402e-12,Z
YP.NE3B..BHN,42.7654,127.816101,452.0,12.74061122781091,0.001731850772977559,2.1602649374705925e-05,4.931838411892336e-08,7.7250000000000005,14.736328125,11.841212735627742,11.841212735627742,2.06510756907026e-11,2.4574824385557275e-09,6.696944488436208e-08,N
YP.NE74..BHZ,45.513599,118.806297,863.0,19.727753795610106,0.0019706190037643086,0.00033595978354458413,1.192804307137722e-05,359.675,0.029296875,0.8025834782796627,0.8025834782796627,7.708976043635927e-06,2.9991508093742714e-06,1.6548649349410433e-08,Z
YP.NE8A..BHZ,46.1856,125.0896,137.0,15.876032785929773,0.0033229133575266804,0.0006931948806505283,5.07814757961091e-05,290.15000000000003,0.048828125,0.10697346537378435,0.10697346537378435,2.473179206958515e-05,3.887097682293188e-07,9.734144459644483e-09,Z
YP.NEA7..BHZ,47.570999,125.833801,226.0,16.1154087611997,0.0022609291819816694,0.0003874458971611016,1.5864154575996936e-05,204.60000000000002,0.05859375,0.13676141158750663,0.13676141158750663,5.923369795146143e-06,1.264562982338081e-07,3.994470612529182e-09,Z
YP.NE5C..BHN,43.7882,128.336899,399.0,12.768159776668105,0.0027810651435146824,0.0005311615371831211,2.98159050903231e-05,328.57500000000005,0.078125,0.14871396867386397,0.14871396867386397,2.8635036280501928e-05,8.04741318301746e-07,5.923799948850164e-08,N
YP.NE7D..BHE,45.342098,128.742905,209.0,13.237460264405218,0.014362694877123107,0.0005913540454902691,3.6956422883191995e-05,371.55,0.048828125,1.0345352861303887,1.0345352861303887,2.9723718631032028e-05,1.4556528171164596e-06,2.7638145072330703e-06,E
