mean_vel,std_vel,max_vel,min_vel,ptp_vel,rms_vel,energy_vel,dominant_freq_vel,spectral_centroid_vel,station_id,channel,sampling_rate,event_name
4.971706177744626e-09,2.051902297391412e-06,1.302696892972088e-05,-1.6971964619757078e-05,2.9998933549477956e-05,2.0519083205402896e-06,1.5157179921248903e-09,0.439453125,1.560933640324641,UGM,SHE,50.0,event_query?eventid=11793561
6.594632905757291e-10,2.0474702511536946e-06,1.3021923089214985e-05,-1.4611339836568921e-05,2.7633262925783906e-05,2.0474703573559264e-06,1.5091685511304337e-09,0.244140625,1.4662169589080822,UGM,SHN,50.0,event_query?eventid=11793561
-7.920893743702384e-12,2.042970546300728e-06,1.4459679668649417e-05,-1.1561236016644383e-05,2.60209156852938e-05,2.042970546316083e-06,1.5025423151214123e-09,0.537109375,1.2021347548525647,UGM,SHZ,50.0,event_query?eventid=11793561
-1.1624985544777342e-09,1.8005027546309405e-05,0.00028883989281370365,-0.000321304015543845,0.0006101439083575486,1.8005027583837895e-05,1.1670516658611484e-07,3.125,3.323815510272105,UGM,SHE,50.0,event_query?eventid=11821936
1.788879592485102e-11,1.808085021353768e-05,0.00027301313789864477,-0.00023997395004598322,0.000512987087944628,1.808085021354653e-05,1.1769017200009403e-07,2.294921875,2.8382270636086333,UGM,SHN,50.0,event_query?eventid=11821936
-2.8483866297918284e-10,1.3356042970227915e-05,0.00018547427569796124,-0.0001759459353085153,0.00036142021100647655,1.3356042973265231e-05,6.421819820533473e-08,2.294921875,3.451383265719889,UGM,SHZ,50.0,event_query?eventid=11821936
-6.843873509208091e-10,4.9899416065002165e-05,0.0007286100177460904,-0.0008799323241585728,0.0016085423419046631,4.9899416069695466e-05,8.963826206747696e-07,3.271484375,3.0329369292902113,UGM,SHN,50.0,event_query?eventid=11837885
3.1793824148318163e-10,3.840723855939586e-05,0.0008639949245633985,-0.0006075928958274839,0.0014715878203908823,3.8407238560711814e-05,5.310417505893943e-07,2.880859375,3.1304350610458678,UGM,SHZ,50.0,event_query?eventid=11837885
-2.732079491218121e-09,4.681204959395084e-05,0.0007095299333121396,-0.0008036573847330046,0.001513187318045144,4.6812049673676656e-05,7.888924780742776e-07,1.513671875,2.894858610393486,UGM,SHE,50.0,event_query?eventid=11837885
-2.7846199260994753e-11,1.8916618999504885e-05,0.00026205858238294603,-0.00025613716084731727,0.0005181957432302633,1.891661899952538e-05,1.2882185077435368e-07,2.392578125,2.3185679958147567,UGM,SHN,50.0,event_query?eventid=11954790
-3.668861169302907e-10,2.279882278061494e-05,0.0005482219338844947,-0.00031712426035561723,0.000865346194240112,2.2798822783566967e-05,1.8712307531393718e-07,1.26953125,2.009906081370393,UGM,SHE,50.0,event_query?eventid=11954790
-8.613085169426239e-11,1.5951455774269363e-05,0.0002041863961357242,-0.00024382870311799078,0.000448015099253715,1.5951455774501897e-05,9.160161887732038e-08,2.294921875,2.4225536494700073,UGM,SHZ,50.0,event_query?eventid=11954790
-2.3728669911407927e-10,6.593887636543413e-06,5.5292710807813805e-05,-7.210269873673038e-05,0.00012739540954454417,6.593887640812896e-06,1.565256751907942e-08,0.15625,2.519298706589832,XMI,BHZ,40.0,event_query?eventid=11916071
7.025041393359468e-10,1.1047237903769467e-05,9.797959783120945e-05,-9.596093975186616e-05,0.00019394053758307563,1.1047237926105912e-05,4.393492768655743e-08,0.1171875,2.0677869624781335,XMI,BHN,40.0,event_query?eventid=11916071
1.0036771200331912e-09,1.3493139793743373e-05,0.00013903270733015222,-0.00013213356794733658,0.00027116627527748883,1.349313983107226e-05,6.554333610031274e-08,0.15625,2.073739441780008,XMI,BHE,40.0,event_query?eventid=11916071
2.988976641579037e-10,2.981776581544649e-06,2.3329025274957244e-05,-3.613869713731539e-05,5.946772241227263e-05,2.981776596525619e-06,3.2007570017716454e-09,0.9765625,1.3622027343915726,UGM,SHN,50.0,event_query?eventid=11899206
7.14372590527962e-11,2.9912233830791574e-06,2.6517082807890475e-05,-2.6841318203716383e-05,5.3358401011606855e-05,2.9912233839322e-06,3.2210702397298082e-09,1.220703125,1.4975525368718963,UGM,SHE,50.0,event_query?eventid=11899206
-1.7336845992116313e-10,2.267950930654548e-06,1.5125335485340776e-05,-1.496950585742181e-05,3.0094841342762586e-05,2.2679509372809307e-06,1.8516965234088427e-09,0.537109375,1.4916118567254515,UGM,SHZ,50.0,event_query?eventid=11899206
5.20164501203655e-10,1.4001181350069446e-06,1.4953675212715642e-05,-1.6439762340681843e-05,3.139343755339749e-05,1.4001182316313266e-06,7.057191825167159e-10,0.29296875,3.2324163647861623,UGM,SHE,50.0,event_query?eventid=11793287
-8.55610340828148e-11,1.2122577767763372e-06,1.0928317561272559e-05,-1.7517107159772868e-05,2.8445424721045425e-05,1.2122577797957818e-06,5.290448128831434e-10,0.341796875,2.8978424236151743,UGM,SHZ,50.0,event_query?eventid=11793287
-3.300869068505888e-10,1.370282493223931e-06,1.8168768459510272e-05,-1.466192251988967e-05,3.283069097939994e-05,1.3702825329811945e-06,6.75962719269609e-10,0.29296875,2.97836736505747,UGM,SHN,50.0,event_query?eventid=11793287
-1.1334851142103542e-09,9.72938618275438e-05,0.002867489235679429,-0.0015954822738463116,0.004462971509525741,9.729386183414641e-05,3.4077943982167104e-06,0.634765625,1.8679723772786856,UGM,SHN,50.0,event_query?eventid=11930515
4.1382602749849633e-10,9.506459227223085e-05,0.0021594146107348764,-0.0013780130269999684,0.003537427637734845,9.506459227313156e-05,3.2534196134604284e-06,0.439453125,2.090191143120452,UGM,SHE,50.0,event_query?eventid=11930515
-2.2099010180745942e-10,6.999701081863784e-05,0.0008843439135298834,-0.0011254094757848594,0.0020097533893147427,6.999701081898669e-05,1.763849348493602e-06,0.78125,2.1540248753826807,UGM,SHZ,50.0,event_query?eventid=11930515
1.1744036917870285e-09,3.0849235605410933e-06,4.1297333270039544e-05,-2.302782659019369e-05,6.432515986023324e-05,3.0849237840837446e-06,3.426031711298005e-09,0.29296875,1.2621469475972673,UGM,SHE,50.0,event_query?eventid=11911730
-2.135111776149338e-11,2.8785413120055625e-06,2.0456622568653655e-05,-1.9203699438893033e-05,3.966032200754669e-05,2.8785413120847473e-06,2.9829600307362885e-09,0.29296875,1.101701309246552,UGM,SHZ,50.0,event_query?eventid=11911730
-6.267019752586153e-10,3.2349794465353495e-06,3.6701318569531824e-05,-3.123159082457272e-05,6.793290939410455e-05,3.23497950723981e-06,3.7674332684141496e-09,0.830078125,1.3287745826654884,UGM,SHN,50.0,event_query?eventid=11911730
1.2338086563798977e-09,3.8069797068502784e-06,5.266440359365262e-05,-4.950498652645699e-05,0.0001021693901201096,3.8069799067835426e-06,5.217514563835308e-09,0.3515625,3.5985360208282295,XMI,BHE,40.0,event_query?eventid=11951669
2.59615106021616e-10,3.1623869596231518e-06,4.023375365667339e-05,-3.455791457664728e-05,7.479166823332067e-05,3.1623869702796597e-06,3.6002488859260437e-09,0.15625,3.576362894175564,XMI,BHN,40.0,event_query?eventid=11951669
-4.0901362820333916e-10,2.1103244897767827e-06,3.212073866893666e-05,-2.377592829850456e-05,5.589666696744122e-05,2.110324529413376e-06,1.6032490629997634e-09,0.3125,4.143634148894887,XMI,BHZ,40.0,event_query?eventid=11951669
-1.144276473529537e-10,1.6091121826207675e-06,1.1244700979079713e-05,-1.0671752692689294e-05,2.1916453671769007e-05,1.6091121866893736e-06,9.321271305668125e-10,0.29296875,0.9699377827832855,UGM,SHZ,50.0,event_query?eventid=11852842
-1.2303834792705434e-09,1.6046134070083883e-06,2.112575495872505e-05,-2.303721393525236e-05,4.416296889397741e-05,1.6046138787242784e-06,9.269228519260464e-10,0.146484375,1.4508400181438412,UGM,SHE,50.0,event_query?eventid=11852842
-1.908561942077683e-09,1.724488254927773e-06,1.3483017187466504e-05,-2.092796124645943e-05,3.441097843392593e-05,1.7244893110693735e-06,1.0705908182373082e-09,0.1953125,1.0690165228882815,UGM,SHN,50.0,event_query?eventid=11852842
1.2338566037813178e-11,1.9846888945421762e-05,0.0004983445208703039,-0.0002989388290360085,0.0007972833499063125,1.9846888945425597e-05,1.4180364029234046e-07,1.46484375,2.1777428559953163,UGM,SHE,50.0,event_query?eventid=11831384
7.079312526614334e-11,1.419012359416459e-05,0.00021572281993394784,-0.00018249714811070743,0.0003982199680446553,1.4190123594341179e-05,7.248945874416416e-08,2.24609375,2.7417576623627213,UGM,SHZ,50.0,event_query?eventid=11831384
-2.5160862638347886e-10,1.6909790178738603e-05,0.00031777246858032343,-0.00032676851810295275,0.0006445409866832762,1.6909790180610502e-05,1.0293876142281771e-07,1.708984375,2.603117839841804,UGM,SHN,50.0,event_query?eventid=11831384
-2.2110185518898785e-10,5.333306787417561e-06,5.890452483173049e-05,-5.451500696805874e-05,0.00011341953179978923,5.33330679200065e-06,1.0239898081536096e-08,3.271484375,2.7752524434587036,UGM,SHN,50.0,event_query?eventid=11805146
1.9332010631200517e-10,4.240315740767225e-06,4.0394885824550295e-05,-4.8306300975900366e-05,8.870118680045065e-05,4.2403157451740514e-06,6.4728999427575505e-09,2.587890625,3.1546266978166635,UGM,SHZ,50.0,event_query?eventid=11805146
-3.90834478891302e-10,5.3627009324032714e-06,6.190311332796212e-05,-5.815274816968133e-05,0.00012005586149764345,5.36270094664531e-06,1.0353082119534181e-08,1.611328125,2.9998394226613017,UGM,SHE,50.0,event_query?eventid=11805146
3.75721184407297e-10,1.2561923079204869e-06,1.1178218705833707e-05,-1.6258315562521103e-05,2.743653426835481e-05,1.2561923641087012e-06,5.680869320322029e-10,0.1953125,3.003454694768102,XMI,BHZ,40.0,event_query?eventid=11807656
-1.507130771752322e-09,2.2954380591529332e-06,2.643056529642554e-05,-2.4373754310446904e-05,5.0804319606872445e-05,2.2954385539262314e-06,1.896853735746342e-09,0.15625,3.330578781139437,XMI,BHN,40.0,event_query?eventid=11807656
-1.9214930572508894e-09,1.8095887626889373e-06,1.749881590504627e-05,-1.393147765335058e-05,3.143029355839685e-05,1.8095897828473855e-06,1.1788614655868334e-09,0.1953125,2.7855583941608955,XMI,BHE,40.0,event_query?eventid=11807656
1.3953880462145813e-09,4.835477086300831e-06,5.407715773550544e-05,-5.574194731722319e-05,0.00010981910505272863,4.8354772876364716e-06,8.417462615729341e-09,0.15625,2.2494524804575953,XMI,BHN,40.0,event_query?eventid=11854498
-1.1639972801996367e-09,5.979385311551306e-06,7.369734170925109e-05,-5.21992883762595e-05,0.00012589663008551058,5.9793854248480404e-06,1.2871098021198665e-08,0.15625,2.2863997476873092,XMI,BHE,40.0,event_query?eventid=11854498
-7.138629428817308e-10,3.1734069882184806e-06,2.4408296349316798e-05,-2.4758583290281678e-05,4.9166879639598476e-05,3.173407068510781e-06,3.625384472090708e-09,0.15625,2.2563068854742743,XMI,BHZ,40.0,event_query?eventid=11854498
-1.8588422540654142e-10,5.784980044835337e-06,7.380047980706545e-05,-5.034618575317809e-05,0.00012414666556024353,5.7849800478217725e-06,1.2047757895330559e-08,1.85546875,2.4448134098426912,UGM,SHE,50.0,event_query?eventid=11830532
-3.5878953849679376e-10,5.999955788933749e-06,5.797007884435477e-05,-6.542646640920159e-05,0.00012339654525355634,5.999955799661322e-06,1.2959809055240235e-08,1.806640625,2.3338257564870677,UGM,SHN,50.0,event_query?eventid=11830532
1.727196222706229e-10,4.617439560222416e-06,4.481572190928711e-05,-4.6366559060641086e-05,9.118228096992819e-05,4.617439563452785e-06,7.675469323970056e-09,1.806640625,2.634965326464767,UGM,SHZ,50.0,event_query?eventid=11830532
1.6733711553883262e-09,4.901405965801533e-05,0.0005207049152910265,-0.0006268358564095835,0.00114754077170061,4.901405968658031e-05,8.648560969054765e-07,2.05078125,2.518484929517145,UGM,SHZ,50.0,event_query?eventid=11831543
-1.2920081830198186e-09,6.232129866945938e-05,0.0009260612299317661,-0.0010918953760103252,0.002017956605942091,6.232129868285196e-05,1.398219937026208e-06,1.220703125,2.216170737120278,UGM,SHE,50.0,event_query?eventid=11831543
1.201157864768932e-09,6.414995310287662e-05,0.0009084352981235142,-0.0011185497104346498,0.002026985008558164,6.4149953114122e-05,1.4814779344358579e-06,0.927734375,2.322729638010342,UGM,SHN,50.0,event_query?eventid=11831543
-3.191742396180454e-09,3.0213545151508002e-05,0.0012514416880631497,-0.0007529575519579475,0.002004399240021097,3.021354532009496e-05,3.2862899549139553e-07,1.806640625,3.411979087784273,UGM,SHE,50.0,event_query?eventid=11929119
-6.685636053521147e-11,1.848765234513099e-05,0.0003578293794120769,-0.00026698370481793203,0.0006248130842300089,1.8487652345251877e-05,1.23045584126003e-07,1.708984375,3.574398662140936,UGM,SHN,50.0,event_query?eventid=11929119
2.1158870888965115e-11,1.7005236967208026e-05,0.00030750611226396205,-0.00041263793735523096,0.000720144049619193,1.700523696722119e-05,1.0410411035208463e-07,3.61328125,4.030463749849336,UGM,SHZ,50.0,event_query?eventid=11929119
-7.389813653896803e-09,0.0003686459636383835,0.007208008853485962,-0.005504800020738641,0.012712808874224601,0.00036864596371245095,4.892394476213341e-05,0.390625,1.588076479819187,UGM,SHN,50.0,event_query?eventid=11877842
1.476366746604056e-09,0.0002457687546927766,0.0026731551796816393,-0.004121797726869593,0.0067949529065512325,0.0002457687546972109,2.1744821082750423e-05,0.48828125,2.1931092801672314,UGM,SHZ,50.0,event_query?eventid=11877842
1.2672957557108571e-08,0.0003618146978781074,0.0049351832108638265,-0.00892424016315101,0.013859423374014836,0.0003618146981000496,4.712755527404283e-05,0.390625,2.001757425276646,UGM,SHE,50.0,event_query?eventid=11877842
-4.608226450305246e-10,5.583279219705736e-06,0.00010467289164170194,-7.617062567384319e-05,0.00018084351731554514,5.58327923872301e-06,1.1222282540719944e-08,1.220703125,2.2262642603569236,UGM,SHE,50.0,event_query?eventid=11801043
-3.3821006350757885e-11,6.071884680716219e-06,9.014891740600998e-05,-8.854718003387194e-05,0.00017869609743988193,6.07188468081041e-06,1.3272402087741652e-08,0.87890625,2.024657990492562,UGM,SHN,50.0,event_query?eventid=11801043
-4.188924497138634e-11,4.018241902896655e-06,4.607388392878963e-05,-5.282475626814125e-05,9.889864019693088e-05,4.018241903114998e-06,5.812656477101727e-09,0.78125,2.680619649070205,UGM,SHZ,50.0,event_query?eventid=11801043
-1.0799873576043851e-10,1.2021870218602807e-05,0.00017927119764315938,-0.0002179128298028855,0.00039718402744604486,1.2021870219087913e-05,5.202913088325343e-08,0.5859375,3.9770203639578994,UGM,SHZ,50.0,event_query?eventid=11941831
2.4119355857467775e-10,1.3428302455471463e-05,0.00021657566447538213,-0.0002667900376352597,0.0004833657021106418,1.3428302457637572e-05,6.49149504817663e-08,0.78125,3.1854949951644307,UGM,SHN,50.0,event_query?eventid=11941831
-3.462178309068174e-10,2.062874187277436e-05,0.0006542113465909662,-0.00030326518900284684,0.0009574765355938131,2.0628741875679693e-05,1.5319619689443155e-07,1.025390625,2.9603162431501455,UGM,SHE,50.0,event_query?eventid=11941831
-3.9831290833248017e-10,1.2355927155143107e-05,0.0002041411472135291,-0.00016386091269873326,0.00036800205991226236,1.2355927161563234e-05,5.496081696786818e-08,2.587890625,3.5716821512961245,UGM,SHN,50.0,event_query?eventid=11883651
5.827176741824482e-10,1.3229046465831205e-05,0.0002532922556839439,-0.00020176509785508142,0.00045505735353902534,1.3229046478665082e-05,6.300276146448516e-08,1.46484375,3.5297418417030286,UGM,SHE,50.0,event_query?eventid=11883651
3.885140046968693e-11,9.657794246867894e-06,0.00015239904954647538,-0.0001803706162376845,0.0003327696657841599,9.65779424694604e-06,3.357827629788385e-08,3.369140625,4.144312558979512,UGM,SHZ,50.0,event_query?eventid=11883651
2.90865100108676e-10,3.197665825082304e-06,2.707792290027278e-05,-3.419508460918035e-05,6.127300750945314e-05,3.197665838311095e-06,3.6810240528606476e-09,1.220703125,1.407590213532191,UGM,SHN,50.0,event_query?eventid=11904443
1.1470648789579908e-10,3.1156177078181612e-06,2.5915292640187065e-05,-3.204236563717709e-05,5.795765827736416e-05,3.1156177099297136e-06,3.4945465371939626e-09,1.220703125,1.5050582326370592,UGM,SHE,50.0,event_query?eventid=11904443
-1.5093357485039585e-10,2.497598255589557e-06,2.064444793596157e-05,-1.826842557747669e-05,3.891287351343826e-05,2.497598260150127e-06,2.2456789448777793e-09,0.5859375,1.458195443388969,UGM,SHZ,50.0,event_query?eventid=11904443
-2.955591748542491e-10,1.2594696908231087e-05,0.00012278158239686576,-0.0001310855271802458,0.00025386710957711156,1.2594696911699024e-05,5.710550050712195e-08,1.220703125,1.7878366621239317,UGM,SHE,50.0,event_query?eventid=11884276
2.1541033297536626e-10,1.066169732658477e-05,9.158106067023448e-05,-8.342663606068144e-05,0.00017500769673091594,1.0661697328760858e-05,4.092184437483831e-08,1.07421875,1.58557042403213,UGM,SHZ,50.0,event_query?eventid=11884276
-1.2738747483384805e-11,1.452578363458891e-05,0.000171864521401735,-0.00014694908086574547,0.0003188136022674805,1.4525783634594496e-05,7.595942047165919e-08,1.3671875,1.5668314737146536,UGM,SHN,50.0,event_query?eventid=11884276
9.507389325983988e-10,1.5347919832722403e-06,4.679858338880271e-06,-5.3941196804248565e-06,1.0073978019305126e-05,1.5347922777435566e-06,8.480114408956516e-10,0.1953125,0.30059727385969537,UGM,SHE,50.0,event_query?eventid=11937636
-4.123693822816724e-10,1.6265153674751435e-06,6.056932239370292e-06,-4.688199040191133e-06,1.0745131279561425e-05,1.6265154197490132e-06,9.52398867845271e-10,0.244140625,0.3686230352306439,UGM,SHZ,50.0,event_query?eventid=11937636
-4.083547426818691e-10,1.8072542412108879e-06,6.093854079617429e-06,-6.947372549450918e-06,1.3041226629068347e-05,1.8072542873454022e-06,1.1758205012862015e-09,0.1953125,0.27058440718284765,UGM,SHN,50.0,event_query?eventid=11937636
-2.712979659221695e-10,4.5043653757047305e-06,5.7421486926881714e-05,-8.652361486862731e-05,0.000143945101795509,4.50436538387487e-06,7.304150704122074e-09,1.5625,3.9179130271427023,UGM,SHN,50.0,event_query?eventid=11851273
-6.834034281427615e-11,4.351065060298267e-06,7.339269018817681e-05,-5.9046093643583885e-05,0.0001324387838317607,4.351065060834964e-06,6.815436178902757e-09,3.22265625,4.6293064686105065,UGM,SHZ,50.0,event_query?eventid=11851273
-2.401538347661423e-10,5.660018308507784e-06,0.00016415950475606787,-0.00010151262797878712,0.000265672132734855,5.6600183136026325e-06,1.1532890631714189e-08,3.271484375,3.7977646711259205,UGM,SHE,50.0,event_query?eventid=11851273
3.1754303342556556e-10,5.1886801067317115e-06,3.3285079062034586e-05,-3.4043858000333934e-05,6.732893706236853e-05,5.1886801164484e-06,9.692064486297713e-09,0.29296875,0.6510529006541784,UGM,SHN,50.0,event_query?eventid=11860180
3.4195382131230235e-10,4.968000577951066e-06,3.294910502041678e-05,-3.5210483471591277e-05,6.815958849200806e-05,4.968000589719626e-06,8.885170749403638e-09,0.244140625,0.7855229295695534,UGM,SHE,50.0,event_query?eventid=11860180
2.6569467128328316e-12,3.7840567789729385e-06,2.2134819457259863e-05,-2.8835274612190136e-05,5.097009406945e-05,3.784056778973871e-06,5.15487085433932e-09,0.537109375,0.776723330571776,UGM,SHZ,50.0,event_query?eventid=11860180
-6.962102512410526e-10,1.1443309875486062e-06,1.396366068509501e-05,-1.6396722183024513e-05,3.0360382868119523e-05,1.1443311993355254e-06,4.714178017581655e-10,0.29296875,1.978979538859081,UGM,SHE,50.0,event_query?eventid=11835866
-3.611444236725736e-10,1.1785897918773967e-06,1.025092004451038e-05,-1.8410656313321932e-05,2.8661576357832312e-05,1.1785898472084766e-06,5.000666500594442e-10,0.29296875,1.7711882287549328,UGM,SHN,50.0,event_query?eventid=11835866
-6.989166712806493e-11,1.2043455389946255e-06,8.528731110632173e-06,-1.2800710330160288e-05,2.132944144079246e-05,1.2043455410226335e-06,5.22161345585196e-10,0.29296875,1.8452922907536928,UGM,SHZ,50.0,event_query?eventid=11835866
2.455688821759302e-11,2.463864226586227e-05,0.0005884830824883282,-0.000414022464145478,0.0010025055466338063,2.4638642265874504e-05,2.185425693740655e-07,2.490234375,4.425981800777851,UGM,SHZ,50.0,event_query?eventid=11922786
1.679913088374605e-10,2.8204630437967055e-05,0.0005446065452500622,-0.000569197971125629,0.0011138045163756913,2.8204630438467347e-05,2.8638042414138674e-07,3.02734375,3.742051675550307,UGM,SHN,50.0,event_query?eventid=11922786
-8.653581665168249e-10,3.170894403980604e-05,0.0009938667227217415,-0.0007323748706973861,0.0017262415934191275,3.170894405161414e-05,3.6196456783262247e-07,3.271484375,4.031837569911292,UGM,SHE,50.0,event_query?eventid=11922786
-1.0860201575184979e-09,3.225456183875161e-06,3.144417552867599e-05,-3.531496224567108e-05,6.675913777434707e-05,3.2254563667081752e-06,3.745544847693127e-09,0.234375,1.9417245317270835,XMI,BHN,40.0,event_query?eventid=11921825
-1.5888515966616214e-10,3.892829951342453e-06,4.265364065679144e-05,-4.735322647241162e-05,9.000686712920306e-05,3.8928299545848875e-06,5.4558638730392e-09,0.234375,1.8972789891891726,XMI,BHE,40.0,event_query?eventid=11921825
2.856188409392654e-11,2.4505582836032457e-06,1.4513448305372864e-05,-1.4349395438483991e-05,2.8862843743856855e-05,2.4505582837696936e-06,2.1620350556723697e-09,0.234375,1.0400200908319284,XMI,BHZ,40.0,event_query?eventid=11921825
1.807785965988906e-10,1.157483667950911e-06,7.418892402460432e-06,-9.278504172559988e-06,1.669739657502042e-05,1.15748368206813e-06,4.823166507314386e-10,0.341796875,1.2080331030507505,UGM,SHZ,50.0,event_query?eventid=11931499
8.644331605974291e-10,1.2327109088348277e-06,1.5784133779715387e-05,-1.3790996031597405e-05,2.9575129811312792e-05,1.2327112119247865e-06,5.470476955218274e-10,0.146484375,1.5864588010883443,UGM,SHE,50.0,event_query?eventid=11931499
4.043502214453128e-10,1.1397884916924907e-06,8.797383900102662e-06,-1.0436829021850327e-05,1.923421292195299e-05,1.139788563415928e-06,4.676824689457481e-10,0.146484375,1.324472228916267,UGM,SHN,50.0,event_query?eventid=11931499
1.2851145254129529e-09,2.174816384892683e-06,1.721509430289688e-05,-1.0166293240224844e-05,2.7381387543121723e-05,2.174816764584323e-06,1.702738065426128e-09,0.15625,1.926218079351264,XMI,BHE,40.0,event_query?eventid=11858247
-7.911983767085012e-10,2.0147086793238412e-06,1.1111651703215e-05,-1.3451594276904041e-05,2.456324598011904e-05,2.014708834680011e-06,1.4612586078735678e-09,0.15625,1.5813380801986543,XMI,BHN,40.0,event_query?eventid=11858247
-2.1018415756410177e-10,1.7897412683350962e-06,9.234595799754264e-06,-7.980083466114513e-06,1.7214679265868777e-05,1.7897412806769301e-06,1.1531425866332754e-09,0.2734375,0.9027382612664905,XMI,BHZ,40.0,event_query?eventid=11858247
-2.4658210339862094e-10,3.668413224265922e-06,4.4014798195081546e-05,-3.375194043683346e-05,7.7766738631915e-05,3.668413232553256e-06,4.844612032117859e-09,0.146484375,1.5203269263214068,UGM,SHN,50.0,event_query?eventid=11907918
1.2275439282786517e-10,2.7766919407355274e-06,2.3153000127787056e-05,-2.4221595825101484e-05,4.7374595952888544e-05,2.7766919434489437e-06,2.775606533573138e-09,0.537109375,1.4681854973228021,UGM,SHZ,50.0,event_query?eventid=11907918
7.685857143859479e-11,3.489609175684898e-06,3.124521021706712e-05,-3.860723694583332e-05,6.985244716290044e-05,3.489609176531302e-06,4.383853993775331e-09,0.439453125,1.5665769658314261,UGM,SHE,50.0,event_query?eventid=11907918
4.3803238730766714e-10,6.414211923233024e-05,0.0009084352800688673,-0.0011185497407924657,0.002026985020861333,6.414211923382593e-05,1.4811161255302837e-06,1.806640625,2.3772479804418394,UGM,SHN,50.0,event_query?eventid=11831552
2.024683209697602e-10,4.9010375167024535e-05,0.0005207042640315943,-0.0006268365531886559,0.00114754081722025,4.901037516744275e-05,8.647260746592561e-07,1.953125,2.624279170274764,UGM,SHZ,50.0,event_query?eventid=11831552
1.070112440201037e-09,6.231824256029426e-05,0.000926061307810386,-0.0010918953000103172,0.002017956607820703,6.231824256948211e-05,1.3980828085015726e-06,1.171875,2.208638367631122,UGM,SHE,50.0,event_query?eventid=11831552
-6.168076547531154e-10,6.052333082381458e-07,6.193106310310031e-06,-7.32628335767024e-06,1.3519389667980272e-05,6.052336225397374e-07,1.318707856269264e-10,0.1953125,2.0386820548763693,UGM,SHN,50.0,event_query?eventid=11815210
-2.7029249816211674e-10,5.716824060626781e-07,4.959499337511972e-06,-5.333458972690582e-06,1.0292958310202554e-05,5.716824699600709e-07,1.1765550472547304e-10,0.1953125,2.144258862644419,UGM,SHZ,50.0,event_query?eventid=11815210
-4.4478926263596745e-10,5.969073595985752e-07,6.694805204837742e-06,-7.670425367623751e-06,1.4365230572461493e-05,5.969075253173065e-07,1.2826749376095512e-10,0.1953125,2.2106452301385247,UGM,SHE,50.0,event_query?eventid=11815210
1.1934739039013626e-10,1.1968401012590024e-06,1.4240128805282842e-05,-1.4833663786435233e-05,2.9073792591718075e-05,1.196840107209588e-06,5.156734472011649e-10,0.146484375,3.533121916352014,UGM,SHN,50.0,event_query?eventid=11814271
6.932478897611319e-11,1.1662333305505468e-06,1.0075263245975002e-05,-1.084013544038312e-05,2.0915398686358123e-05,1.166233332610995e-06,4.896360669934611e-10,0.1953125,4.0218915068507535,UGM,SHZ,50.0,event_query?eventid=11814271
4.3199208822764826e-10,1.1084684238185989e-06,1.4503575096642161e-05,-1.2876095594885315e-05,2.7379670691527476e-05,1.1084685079965299e-06,4.4233287595921906e-10,0.1953125,3.9854630145967183,UGM,SHE,50.0,event_query?eventid=11814271
-1.9158802326077868e-10,3.3799400299727414e-06,4.689888834803316e-05,-5.223685428287662e-05,9.913574263090979e-05,3.3799400354027147e-06,4.112638071450518e-09,0.2734375,4.282777475167108,XMI,BHE,40.0,event_query?eventid=11883292
1.0458516898729504e-09,2.744489606191234e-06,2.856724711861714e-05,-4.505610706990518e-05,7.362335418852233e-05,2.7444898054643e-06,2.7116007452270904e-09,0.15625,4.0824680702131735,XMI,BHN,40.0,event_query?eventid=11883292
4.5491608384145876e-12,2.0867099948085593e-06,3.193541831308473e-05,-2.8685396993633172e-05,6.06208153067179e-05,2.086709994813518e-06,1.5675690968836677e-09,0.2734375,4.730560572861259,XMI,BHZ,40.0,event_query?eventid=11883292
-4.5441416857987254e-10,7.460236225019521e-06,0.00015166871996921729,-0.00015741398207210134,0.00030908270204131865,7.460236238859045e-06,2.003584490625087e-08,3.4375,5.2846822564421,XMI,BHZ,40.0,event_query?eventid=11799306
4.475354192038313e-09,1.535835991942403e-05,0.0003957721302290952,-0.00039989042872070414,0.0007956625589497994,1.535836057147265e-05,8.491652619961166e-08,2.8515625,3.6641902474202355,XMI,BHE,40.0,event_query?eventid=11799306
7.453454160495243e-10,1.982838266472451e-05,0.0004021473308218706,-0.00039482641786491154,0.0007969737486867821,1.982838267873321e-05,1.4153931347554336e-07,2.96875,4.5080917963972125,XMI,BHN,40.0,event_query?eventid=11799306
-1.9019168697807433e-10,1.3281889399699966e-06,5.16797012495843e-06,-4.510216853178922e-06,9.67818697813735e-06,1.3281889535873656e-06,6.350709227153403e-10,0.244140625,0.4228702356262235,UGM,SHZ,50.0,event_query?eventid=11797602
-3.8373131879017604e-10,1.0468556565883831e-06,3.566617260477968e-06,-3.253645138703377e-06,6.820262399181345e-06,1.0468557269179072e-06,3.945264886730951e-10,0.244140625,0.3964461088387871,UGM,SHN,50.0,event_query?eventid=11797602
4.5442753901978276e-10,1.0502603384993946e-06,4.3583086903259775e-06,-3.967455625723697e-06,8.325764316049676e-06,1.0502604368104377e-06,3.9709691464653054e-10,0.244140625,0.4036080760787481,UGM,SHE,50.0,event_query?eventid=11797602
6.835204742079821e-10,3.208103477598716e-06,2.5994319807022456e-05,-3.744474043061058e-05,6.343906023763304e-05,3.2081035504143586e-06,3.705094220465237e-09,0.244140625,0.990265045667849,UGM,SHN,50.0,event_query?eventid=11820841
-7.6056127547371e-11,2.668043662145606e-06,1.3143407591398701e-05,-1.682617485910496e-05,2.996958245050366e-05,2.668043663229646e-06,2.5626445160039534e-09,0.244140625,0.904188026840179,UGM,SHZ,50.0,event_query?eventid=11820841
3.1234701155820735e-10,2.775076527755413e-06,2.779151404590553e-05,-2.1317481726049346e-05,4.9108995771954874e-05,2.7750765453334246e-06,2.7723779396854904e-09,0.244140625,1.1458133803243153,UGM,SHE,50.0,event_query?eventid=11820841
3.953723887538124e-10,1.1900949014518105e-05,7.832371480070016e-05,-7.359731025500683e-05,0.00015192102505570698,1.1900949021085619e-05,5.098773153689236e-08,0.15625,0.6005895143393918,XMI,BHN,40.0,event_query?eventid=11857991
4.811421323243237e-10,6.962157426784785e-06,3.4344447741646644e-05,-3.847232300254879e-05,7.281677074419542e-05,6.962157443410217e-06,1.7449789056059625e-08,0.15625,0.6999951883318422,XMI,BHZ,40.0,event_query?eventid=11857991
-1.7906833184104773e-09,1.3147506049406914e-05,6.584266498470289e-05,-8.411455576775215e-05,0.00014995722075245504,1.314750617135197e-05,6.222849066926574e-08,0.15625,0.593613172205227,XMI,BHE,40.0,event_query?eventid=11857991
-4.135017386016041e-10,2.0174756599122037e-06,1.265423703572969e-05,-1.1352871563525609e-05,2.40071085992553e-05,2.0174757022878543e-06,1.4652749553558737e-09,0.341796875,0.7290825788259726,UGM,SHZ,50.0,event_query?eventid=11848665
-1.9699312288475583e-09,2.094513413154657e-06,9.229357173146674e-06,-1.007388554937749e-05,1.9303242722524162e-05,2.0945143395340645e-06,1.5793165146649747e-09,0.146484375,0.6971309234670924,UGM,SHE,50.0,event_query?eventid=11848665
4.155636485086626e-10,2.13526868532721e-06,1.034291720986463e-05,-1.1184781510544023e-05,2.1527698720408652e-05,2.1352687257654807e-06,1.64137411124357e-09,0.146484375,0.7561216465210339,UGM,SHN,50.0,event_query?eventid=11848665
7.885724880079313e-10,5.539300610665002e-06,5.855301564066987e-05,-7.70138060325625e-05,0.00013556682167323238,5.539300666795423e-06,1.1046186675777682e-08,2.1484375,2.651022520802314,XMI,BHE,40.0,event_query?eventid=11794521
-3.2279259028324517e-09,3.278704060881146e-06,3.4782020511612476e-05,-4.1550596490425494e-05,7.633261700203798e-05,3.278705649847841e-06,3.869967865803895e-09,0.234375,2.611102877067125,XMI,BHZ,40.0,event_query?eventid=11794521
1.2373496507924775e-09,6.950148652120235e-06,9.415260925585006e-05,-8.432123483828839e-05,0.00017847384409413845,6.95014876226422e-06,1.7389644414337033e-08,2.734375,2.926302479729214,XMI,BHN,40.0,event_query?eventid=11794521
1.0984745221829127e-10,2.9253577869496586e-06,4.8497960860249974e-05,-3.9923305227959854e-05,8.842126608820983e-05,2.9253577890120495e-06,3.080778549744048e-09,2.83203125,3.3355689334163334,UGM,SHZ,50.0,event_query?eventid=11888763
3.2024678772735955e-10,4.387803847637096e-06,0.00012085934200091293,-6.951858658002488e-05,0.00019037792858093782,4.3878038593238074e-06,6.9310161748428844e-09,2.5390625,2.442397971611596,UGM,SHN,50.0,event_query?eventid=11888763
3.1859510475340286e-10,4.77269507060836e-06,0.0001005841823393179,-0.00014001819376783815,0.00024060237610715605,4.772695081242064e-06,8.200302601864388e-09,2.294921875,2.6555349744697785,UGM,SHE,50.0,event_query?eventid=11888763
8.824375571063999e-10,1.8254213316523205e-06,5.909066708570128e-06,-7.1934163857757975e-06,1.3102483094345927e-05,1.8254215449444472e-06,1.199578974029054e-09,0.146484375,0.36222724162415665,UGM,SHN,50.0,event_query?eventid=11852264
-1.2543233144337515e-10,1.3600582711231502e-06,5.013438426842818e-06,-6.0080326745222005e-06,1.1021471101365019e-05,1.3600582769071928e-06,6.659130659701544e-10,0.146484375,0.5453644877068105,UGM,SHE,50.0,event_query?eventid=11852264
-5.8042716811231334e-12,1.638930407483264e-06,5.219482721284591e-06,-6.623978842447703e-06,1.1843461563732294e-05,1.638930407493542e-06,9.669934370185011e-10,0.29296875,0.43880221800465463,UGM,SHZ,50.0,event_query?eventid=11852264
-4.636634336315301e-10,1.3598995148991248e-05,0.00015342624418598924,-0.0001690185654607293,0.00032244480964671856,1.3598995156895648e-05,6.657576093981767e-08,1.806640625,1.9336004654287637,UGM,SHE,50.0,event_query?eventid=11884202
-2.8823751443258183e-10,1.4593717104310842e-05,0.00013228820281267382,-0.00017994854547375788,0.0003122367482864317,1.4593717107157302e-05,7.667156844134484e-08,1.3671875,1.6192216854373167,UGM,SHN,50.0,event_query?eventid=11884202
1.8418489885198792e-10,1.140234406488633e-05,0.00014598493286763464,-0.00010130794115313307,0.00024729287402076774,1.1402344066373923e-05,4.6804842074870146e-08,1.953125,1.7965608024456439,UGM,SHZ,50.0,event_query?eventid=11884202
-5.640171404062726e-11,8.894093524802667e-06,0.00017267513713553064,-0.0001226084810088355,0.0002952836181443661,8.894093524981501e-06,2.847776386720243e-08,3.466796875,3.228685064833698,UGM,SHZ,50.0,event_query?eventid=11899932
4.671412965756419e-10,1.163162763490491e-05,0.00022926841358811756,-0.00021421368313555162,0.00044348209672366915,1.163162764428541e-05,4.870611419590965e-08,1.66015625,2.5861939732173287,UGM,SHN,50.0,event_query?eventid=11899932
-9.477702183750346e-10,1.1910330713917975e-05,0.0002683733257564,-0.00022398944329200191,0.0004923627690484019,1.1910330751627605e-05,5.106815230073983e-08,2.734375,2.9704467864629716,UGM,SHE,50.0,event_query?eventid=11899932
-2.677266835689071e-10,3.4039143050582897e-06,3.487881704724163e-05,-3.3678076900812e-05,6.855689394805363e-05,3.4039143155869884e-06,4.171187760428893e-09,0.634765625,2.5407246942331794,UGM,SHE,50.0,event_query?eventid=11814510
1.6335934082300707e-10,3.100304410224195e-06,3.6349239537258105e-05,-2.77168655505413e-05,6.40661050877994e-05,3.1003044145280106e-06,3.460279486587073e-09,0.732421875,2.7566015411507645,UGM,SHZ,50.0,event_query?eventid=11814510
2.720206549800846e-10,3.773724937973908e-06,4.312270799888365e-05,-4.8107595574549814e-05,9.123030357343346e-05,3.7737249477779133e-06,5.1267599933333095e-09,2.880859375,2.3508182445455956,UGM,SHN,50.0,event_query?eventid=11814510
-3.9576856302001875e-10,1.3646921781397725e-06,1.3973534547022536e-05,-1.8037044370324682e-05,3.201057891734722e-05,1.3646922355273485e-06,6.704585631751076e-10,1.7578125,2.6740751268250955,UGM,SHE,50.0,event_query?eventid=11834378
-1.03133452892074e-10,1.3619058456939205e-06,1.6562864034948764e-05,-1.2555730974831086e-05,2.911859500977985e-05,1.3619058495989293e-06,6.677235155418413e-10,3.41796875,2.558180560857576,UGM,SHN,50.0,event_query?eventid=11834378
1.7170975149382113e-10,1.2269371727228797e-06,1.6026138870769127e-05,-1.62668841428881e-05,3.229302301365723e-05,1.2269371847382623e-06,5.41934947905643e-10,0.439453125,2.6412273993943067,UGM,SHZ,50.0,event_query?eventid=11834378
-2.8563446596308527e-12,2.4847140480544975e-06,3.08345523083857e-05,-2.309291316455856e-05,5.392746547294426e-05,2.484714048056139e-06,2.222569404218709e-09,0.341796875,3.0610189881734233,UGM,SHZ,50.0,event_query?eventid=11910057
-7.878813580955398e-10,2.668906883159332e-06,3.393375662737698e-05,-3.088427401273153e-05,6.481803064010851e-05,2.668906999453577e-06,2.564303245823627e-09,2.05078125,3.001394301341719,UGM,SHE,50.0,event_query?eventid=11910057
-1.3480958309556609e-10,3.047724337845577e-06,4.135001123194157e-05,-4.1098270005261976e-05,8.244828123720355e-05,3.0477243408270843e-06,3.343904516761159e-09,1.513671875,2.358858929799055,UGM,SHN,50.0,event_query?eventid=11910057
9.088132308537302e-10,4.406392995011681e-06,5.775073811636927e-05,-6.052977062709354e-05,0.00011828050874346282,4.4063930887324965e-06,6.989868018874623e-09,3.125,3.541162235917801,XMI,BHE,40.0,event_query?eventid=11789869
-1.447415992158925e-09,2.4723359819347754e-06,3.605775895443118e-05,-3.391882876482426e-05,6.997658771925545e-05,2.4723364056257484e-06,2.200481028929681e-09,0.2734375,4.339255279055262,XMI,BHZ,40.0,event_query?eventid=11789869
-1.151543737777484e-09,5.799530284303419e-06,8.239183938177065e-05,-0.0001368232953583128,0.00021921513474008344,5.799530398627588e-06,1.2108439024057972e-08,3.3203125,3.836855240140882,XMI,BHN,40.0,event_query?eventid=11789869
4.7047363557356214e-11,6.518659168625656e-06,0.00010153015698868643,-0.00012659190937757867,0.0002281220663662651,6.518659168795433e-06,1.5297450249211475e-08,1.416015625,1.7059506422488717,UGM,SHN,50.0,event_query?eventid=11820469
-1.6783182703895375e-10,4.465980149635653e-06,3.926667464807495e-05,-4.3632840470301216e-05,8.289951511837617e-05,4.46598015278922e-06,7.180192341038599e-09,1.171875,2.015435175533708,UGM,SHZ,50.0,event_query?eventid=11820469
1.17971662245577e-09,6.046109667560713e-06,8.761329093043816e-05,-9.916395640436872e-05,0.00018677724733480688,6.046109782653836e-06,1.3159959661404871e-08,1.513671875,1.857709251998645,UGM,SHE,50.0,event_query?eventid=11820469
